date,currency,usd_rate,volatility
2026-01-01,USD,1.0,Low
2026-01-02,USD,1.0,Low
2026-01-03,USD,1.0,Low
2026-01-04,USD,1.0,Low
2026-01-05,USD,1.0,Low
2026-01-06,USD,1.0,Low
2026-01-07,USD,1.0,Low
2026-01-08,USD,1.0,Low
2026-01-09,USD,1.0,Low
2026-01-10,USD,1.0,Low
2026-01-11,USD,1.0,Low
2026-01-12,USD,1.0,Low
2026-01-13,USD,1.0,Low
2026-01-14,USD,1.0,Low
2026-01-15,USD,1.0,Low
2026-01-16,USD,1.0,Low
2026-01-17,USD,1.0,Low
2026-01-18,USD,1.0,Low
2026-01-19,USD,1.0,Low
2026-01-20,USD,1.0,Low
2026-01-21,USD,1.0,Low
2026-01-22,USD,1.0,Low
2026-01-23,USD,1.0,Low
2026-01-24,USD,1.0,Low
2026-01-25,USD,1.0,Low
2026-01-26,USD,1.0,Low
2026-01-27,USD,1.0,Low
2026-01-28,USD,1.0,Low
2026-01-29,USD,1.0,Low
2026-01-30,USD,1.0,Low
2026-01-31,USD,1.0,Low
2026-02-01,USD,1.0,Low
2026-02-02,USD,1.0,Low
2026-02-03,USD,1.0,Low
2026-02-04,USD,1.0,Low
2026-02-05,USD,1.0,Low
2026-02-06,USD,1.0,Low
2026-02-07,USD,1.0,Low
2026-02-08,USD,1.0,Low
2026-02-09,USD,1.0,Low
2026-02-10,USD,1.0,Low
2026-02-11,USD,1.0,Low
2026-02-12,USD,1.0,Low
2026-02-13,USD,1.0,Low
2026-02-14,USD,1.0,Low
2026-02-15,USD,1.0,Low
2026-02-16,USD,1.0,Low
2026-02-17,USD,1.0,Low
2026-02-18,USD,1.0,Low
2026-02-19,USD,1.0,Low
2026-02-20,USD,1.0,Low
2026-02-21,USD,1.0,Low
2026-02-22,USD,1.0,Low
2026-02-23,USD,1.0,Low
2026-02-24,USD,1.0,Low
2026-02-25,USD,1.0,Low
2026-02-26,USD,1.0,Low
2026-02-27,USD,1.0,Low
2026-02-28,USD,1.0,Low
2026-03-01,USD,1.0,Low
2026-03-02,USD,1.0,Low
2026-03-03,USD,1.0,Low
2026-03-04,USD,1.0,Low
2026-03-05,USD,1.0,Low
2026-03-06,USD,1.0,Low
2026-03-07,USD,1.0,Low
2026-03-08,USD,1.0,Low
2026-03-09,USD,1.0,Low
2026-03-10,USD,1.0,Low
2026-03-11,USD,1.0,Low
2026-03-12,USD,1.0,Low
2026-03-13,USD,1.0,Low
2026-03-14,USD,1.0,Low
2026-03-15,USD,1.0,Low
2026-03-16,USD,1.0,Low
2026-03-17,USD,1.0,Low
2026-03-18,USD,1.0,Low
2026-03-19,USD,1.0,Low
2026-03-20,USD,1.0,Low
2026-03-21,USD,1.0,Low
2026-03-22,USD,1.0,Low
2026-03-23,USD,1.0,Low
2026-03-24,USD,1.0,Low
2026-03-25,USD,1.0,Low
2026-03-26,USD,1.0,Low
2026-03-27,USD,1.0,Low
2026-03-28,USD,1.0,Low
2026-03-29,USD,1.0,Low
2026-03-30,USD,1.0,Low
2026-03-31,USD,1.0,Low
2026-04-01,USD,1.0,Low
2026-04-02,USD,1.0,Low
2026-04-03,USD,1.0,Low
2026-04-04,USD,1.0,Low
2026-04-05,USD,1.0,Low
2026-04-06,USD,1.0,Low
2026-04-07,USD,1.0,Low
2026-04-08,USD,1.0,Low
2026-04-09,USD,1.0,Low
2026-04-10,USD,1.0,Low
2026-04-11,USD,1.0,Low
2026-04-12,USD,1.0,Low
2026-04-13,USD,1.0,Low
2026-04-14,USD,1.0,Low
2026-04-15,USD,1.0,Low
2026-04-16,USD,1.0,Low
2026-04-17,USD,1.0,Low
2026-04-18,USD,1.0,Low
2026-04-19,USD,1.0,Low
2026-04-20,USD,1.0,Low
2026-04-21,USD,1.0,Low
2026-04-22,USD,1.0,Low
2026-04-23,USD,1.0,Low
2026-04-24,USD,1.0,Low
2026-04-25,USD,1.0,Low
2026-04-26,USD,1.0,Low
2026-04-27,USD,1.0,Low
2026-04-28,USD,1.0,Low
2026-04-29,USD,1.0,Low
2026-04-30,USD,1.0,Low
2026-05-01,USD,1.0,Low
2026-05-02,USD,1.0,Low
2026-05-03,USD,1.0,Low
2026-05-04,USD,1.0,Low
2026-05-05,USD,1.0,Low
2026-05-06,USD,1.0,Low
2026-05-07,USD,1.0,Low
2026-05-08,USD,1.0,Low
2026-05-09,USD,1.0,Low
2026-05-10,USD,1.0,Low
2026-05-11,USD,1.0,Low
2026-05-12,USD,1.0,Low
2026-05-13,USD,1.0,Low
2026-05-14,USD,1.0,Low
2026-05-15,USD,1.0,Low
2026-05-16,USD,1.0,Low
2026-05-17,USD,1.0,Low
2026-05-18,USD,1.0,Low
2026-05-19,USD,1.0,Low
2026-05-20,USD,1.0,Low
2026-05-21,USD,1.0,Low
2026-05-22,USD,1.0,Low
2026-05-23,USD,1.0,Low
2026-05-24,USD,1.0,Low
2026-05-25,USD,1.0,Low
2026-05-26,USD,1.0,Low
2026-05-27,USD,1.0,Low
2026-05-28,USD,1.0,Low
2026-05-29,USD,1.0,Low
2026-05-30,USD,1.0,Low
2026-05-31,USD,1.0,Low
2026-06-01,USD,1.0,Low
2026-06-02,USD,1.0,Low
2026-06-03,USD,1.0,Low
2026-06-04,USD,1.0,Low
2026-06-05,USD,1.0,Low
2026-06-06,USD,1.0,Low
2026-06-07,USD,1.0,Low
2026-06-08,USD,1.0,Low
2026-06-09,USD,1.0,Low
2026-06-10,USD,1.0,Low
2026-06-11,USD,1.0,Low
2026-06-12,USD,1.0,Low
2026-06-13,USD,1.0,Low
2026-06-14,USD,1.0,Low
2026-06-15,USD,1.0,Low
2026-06-16,USD,1.0,Low
2026-06-17,USD,1.0,Low
2026-06-18,USD,1.0,Low
2026-06-19,USD,1.0,Low
2026-06-20,USD,1.0,Low
2026-06-21,USD,1.0,Low
2026-06-22,USD,1.0,Low
2026-06-23,USD,1.0,Low
2026-06-24,USD,1.0,Low
2026-06-25,USD,1.0,Low
2026-06-26,USD,1.0,Low
2026-06-27,USD,1.0,Low
2026-06-28,USD,1.0,Low
2026-06-29,USD,1.0,Low
2026-06-30,USD,1.0,Low
2026-07-01,USD,1.0,Low
2026-07-02,USD,1.0,Low
2026-07-03,USD,1.0,Low
2026-07-04,USD,1.0,Low
2026-07-05,USD,1.0,Low
2026-07-06,USD,1.0,Low
2026-07-07,USD,1.0,Low
2026-07-08,USD,1.0,Low
2026-07-09,USD,1.0,Low
2026-07-10,USD,1.0,Low
2026-07-11,USD,1.0,Low
2026-07-12,USD,1.0,Low
2026-07-13,USD,1.0,Low
2026-07-14,USD,1.0,Low
2026-07-15,USD,1.0,Low
2026-07-16,USD,1.0,Low
2026-07-17,USD,1.0,Low
2026-07-18,USD,1.0,Low
2026-07-19,USD,1.0,Low
2026-07-20,USD,1.0,Low
2026-07-21,USD,1.0,Low
2026-07-22,USD,1.0,Low
2026-07-23,USD,1.0,Low
2026-07-24,USD,1.0,Low
2026-07-25,USD,1.0,Low
2026-07-26,USD,1.0,Low
2026-07-27,USD,1.0,Low
2026-07-28,USD,1.0,Low
2026-07-29,USD,1.0,Low
2026-07-30,USD,1.0,Low
2026-07-31,USD,1.0,Low
2026-08-01,USD,1.0,Low
2026-08-02,USD,1.0,Low
2026-08-03,USD,1.0,Low
2026-08-04,USD,1.0,Low
2026-08-05,USD,1.0,Low
2026-08-06,USD,1.0,Low
2026-08-07,USD,1.0,Low
2026-08-08,USD,1.0,Low
2026-08-09,USD,1.0,Low
2026-08-10,USD,1.0,Low
2026-08-11,USD,1.0,Low
2026-08-12,USD,1.0,Low
2026-08-13,USD,1.0,Low
2026-08-14,USD,1.0,Low
2026-08-15,USD,1.0,Low
2026-08-16,USD,1.0,Low
2026-08-17,USD,1.0,Low
2026-08-18,USD,1.0,Low
2026-08-19,USD,1.0,Low
2026-08-20,USD,1.0,Low
2026-08-21,USD,1.0,Low
2026-08-22,USD,1.0,Low
2026-08-23,USD,1.0,Low
2026-08-24,USD,1.0,Low
2026-08-25,USD,1.0,Low
2026-08-26,USD,1.0,Low
2026-08-27,USD,1.0,Low
2026-08-28,USD,1.0,Low
2026-08-29,USD,1.0,Low
2026-08-30,USD,1.0,Low
2026-08-31,USD,1.0,Low
2026-09-01,USD,1.0,Low
2026-09-02,USD,1.0,Low
2026-09-03,USD,1.0,Low
2026-09-04,USD,1.0,Low
2026-09-05,USD,1.0,Low
2026-09-06,USD,1.0,Low
2026-09-07,USD,1.0,Low
2026-09-08,USD,1.0,Low
2026-09-09,USD,1.0,Low
2026-09-10,USD,1.0,Low
2026-09-11,USD,1.0,Low
2026-09-12,USD,1.0,Low
2026-09-13,USD,1.0,Low
2026-09-14,USD,1.0,Low
2026-09-15,USD,1.0,Low
2026-09-16,USD,1.0,Low
2026-09-17,USD,1.0,Low
2026-09-18,USD,1.0,Low
2026-09-19,USD,1.0,Low
2026-09-20,USD,1.0,Low
2026-09-21,USD,1.0,Low
2026-09-22,USD,1.0,Low
2026-09-23,USD,1.0,Low
2026-09-24,USD,1.0,Low
2026-09-25,USD,1.0,Low
2026-09-26,USD,1.0,Low
2026-09-27,USD,1.0,Low
2026-09-28,USD,1.0,Low
2026-09-29,USD,1.0,Low
2026-09-30,USD,1.0,Low
2026-10-01,USD,1.0,Low
2026-10-02,USD,1.0,Low
2026-10-03,USD,1.0,Low
2026-10-04,USD,1.0,Low
2026-10-05,USD,1.0,Low
2026-10-06,USD,1.0,Low
2026-10-07,USD,1.0,Low
2026-10-08,USD,1.0,Low
2026-10-09,USD,1.0,Low
2026-10-10,USD,1.0,Low
2026-10-11,USD,1.0,Low
2026-10-12,USD,1.0,Low
2026-10-13,USD,1.0,Low
2026-10-14,USD,1.0,Low
2026-10-15,USD,1.0,Low
2026-10-16,USD,1.0,Low
2026-10-17,USD,1.0,Low
2026-10-18,USD,1.0,Low
2026-10-19,USD,1.0,Low
2026-10-20,USD,1.0,Low
2026-10-21,USD,1.0,Low
2026-10-22,USD,1.0,Low
2026-10-23,USD,1.0,Low
2026-10-24,USD,1.0,Low
2026-10-25,USD,1.0,Low
2026-10-26,USD,1.0,Low
2026-10-27,USD,1.0,Low
2026-10-28,USD,1.0,Low
2026-10-29,USD,1.0,Low
2026-10-30,USD,1.0,Low
2026-10-31,USD,1.0,Low
2026-11-01,USD,1.0,Low
2026-11-02,USD,1.0,Low
2026-11-03,USD,1.0,Low
2026-11-04,USD,1.0,Low
2026-11-05,USD,1.0,Low
2026-11-06,USD,1.0,Low
2026-11-07,USD,1.0,Low
2026-11-08,USD,1.0,Low
2026-11-09,USD,1.0,Low
2026-11-10,USD,1.0,Low
2026-11-11,USD,1.0,Low
2026-11-12,USD,1.0,Low
2026-11-13,USD,1.0,Low
2026-11-14,USD,1.0,Low
2026-11-15,USD,1.0,Low
2026-11-16,USD,1.0,Low
2026-11-17,USD,1.0,Low
2026-11-18,USD,1.0,Low
2026-11-19,USD,1.0,Low
2026-11-20,USD,1.0,Low
2026-11-21,USD,1.0,Low
2026-11-22,USD,1.0,Low
2026-11-23,USD,1.0,Low
2026-11-24,USD,1.0,Low
2026-11-25,USD,1.0,Low
2026-11-26,USD,1.0,Low
2026-11-27,USD,1.0,Low
2026-11-28,USD,1.0,Low
2026-11-29,USD,1.0,Low
2026-11-30,USD,1.0,Low
2026-12-01,USD,1.0,Low
2026-12-02,USD,1.0,Low
2026-12-03,USD,1.0,Low
2026-12-04,USD,1.0,Low
2026-12-05,USD,1.0,Low
2026-12-06,USD,1.0,Low
2026-12-07,USD,1.0,Low
2026-12-08,USD,1.0,Low
2026-12-09,USD,1.0,Low
2026-12-10,USD,1.0,Low
2026-12-11,USD,1.0,Low
2026-12-12,USD,1.0,Low
2026-12-13,USD,1.0,Low
2026-12-14,USD,1.0,Low
2026-12-15,USD,1.0,Low
2026-12-16,USD,1.0,Low
2026-12-17,USD,1.0,Low
2026-12-18,USD,1.0,Low
2026-12-19,USD,1.0,Low
2026-12-20,USD,1.0,Low
2026-12-21,USD,1.0,Low
2026-12-22,USD,1.0,Low
2026-12-23,USD,1.0,Low
2026-12-24,USD,1.0,Low
2026-12-25,USD,1.0,Low
2026-12-26,USD,1.0,Low
2026-12-27,USD,1.0,Low
2026-12-28,USD,1.0,Low
2026-12-29,USD,1.0,Low
2026-12-30,USD,1.0,Low
2026-12-31,USD,1.0,Low
2026-01-01,EUR,0.9209,Low
2026-01-02,EUR,0.9207,Low
2026-01-03,EUR,0.9219,Low
2026-01-04,EUR,0.9247,Low
2026-01-05,EUR,0.9242,Low
2026-01-06,EUR,0.9238,Low
2026-01-07,EUR,0.9267,Low
2026-01-08,EUR,0.9281,Low
2026-01-09,EUR,0.9273,Low
2026-01-10,EUR,0.9283,Low
2026-01-11,EUR,0.9274,Low
2026-01-12,EUR,0.9265,Low
2026-01-13,EUR,0.927,Low
2026-01-14,EUR,0.9234,Low
2026-01-15,EUR,0.9203,Low
2026-01-16,EUR,0.9192,Low
2026-01-17,EUR,0.9174,Low
2026-01-18,EUR,0.9179,Low
2026-01-19,EUR,0.9163,Low
2026-01-20,EUR,0.9137,Low
2026-01-21,EUR,0.9164,Low
2026-01-22,EUR,0.9159,Low
2026-01-23,EUR,0.9161,Low
2026-01-24,EUR,0.9135,Low
2026-01-25,EUR,0.9125,Low
2026-01-26,EUR,0.9127,Low
2026-01-27,EUR,0.9106,Low
2026-01-28,EUR,0.9113,Low
2026-01-29,EUR,0.9102,Low
2026-01-30,EUR,0.9096,Low
2026-01-31,EUR,0.9085,Low
2026-02-01,EUR,0.9119,Low
2026-02-02,EUR,0.9119,Low
2026-02-03,EUR,0.9099,Low
2026-02-04,EUR,0.9114,Low
2026-02-05,EUR,0.9092,Low
2026-02-06,EUR,0.9096,Low
2026-02-07,EUR,0.906,Low
2026-02-08,EUR,0.9036,Low
2026-02-09,EUR,0.904,Low
2026-02-10,EUR,0.9053,Low
2026-02-11,EUR,0.9056,Low
2026-02-12,EUR,0.9054,Low
2026-02-13,EUR,0.9049,Low
2026-02-14,EUR,0.9022,Low
2026-02-15,EUR,0.9009,Low
2026-02-16,EUR,0.9001,Low
2026-02-17,EUR,0.902,Low
2026-02-18,EUR,0.9026,Low
2026-02-19,EUR,0.8994,Low
2026-02-20,EUR,0.9,Low
2026-02-21,EUR,0.8993,Low
2026-02-22,EUR,0.8981,Low
2026-02-23,EUR,0.8992,Low
2026-02-24,EUR,0.901,Low
2026-02-25,EUR,0.9027,Low
2026-02-26,EUR,0.9012,Low
2026-02-27,EUR,0.9006,Low
2026-02-28,EUR,0.9012,Low
2026-03-01,EUR,0.903,Low
2026-03-02,EUR,0.9021,Low
2026-03-03,EUR,0.9018,Low
2026-03-04,EUR,0.8998,Low
2026-03-05,EUR,0.8976,Low
2026-03-06,EUR,0.8991,Low
2026-03-07,EUR,0.9015,Low
2026-03-08,EUR,0.9014,Low
2026-03-09,EUR,0.9032,Low
2026-03-10,EUR,0.9039,Low
2026-03-11,EUR,0.9027,Low
2026-03-12,EUR,0.9034,Low
2026-03-13,EUR,0.9061,Low
2026-03-14,EUR,0.9061,Low
2026-03-15,EUR,0.9089,Low
2026-03-16,EUR,0.9041,Low
2026-03-17,EUR,0.9056,Low
2026-03-18,EUR,0.9058,Low
2026-03-19,EUR,0.9053,Low
2026-03-20,EUR,0.9054,Low
2026-03-21,EUR,0.9018,Low
2026-03-22,EUR,0.9014,Low
2026-03-23,EUR,0.9021,Low
2026-03-24,EUR,0.9047,Low
2026-03-25,EUR,0.9038,Low
2026-03-26,EUR,0.9023,Low
2026-03-27,EUR,0.9014,Low
2026-03-28,EUR,0.9031,Low
2026-03-29,EUR,0.9037,Low
2026-03-30,EUR,0.9027,Low
2026-03-31,EUR,0.9036,Low
2026-04-01,EUR,0.9038,Low
2026-04-02,EUR,0.9056,Low
2026-04-03,EUR,0.9043,Low
2026-04-04,EUR,0.9037,Low
2026-04-05,EUR,0.903,Low
2026-04-06,EUR,0.9004,Low
2026-04-07,EUR,0.9009,Low
2026-04-08,EUR,0.9014,Low
2026-04-09,EUR,0.9014,Low
2026-04-10,EUR,0.9009,Low
2026-04-11,EUR,0.8984,Low
2026-04-12,EUR,0.8976,Low
2026-04-13,EUR,0.897,Low
2026-04-14,EUR,0.8956,Low
2026-04-15,EUR,0.8953,Low
2026-04-16,EUR,0.896,Low
2026-04-17,EUR,0.8994,Low
2026-04-18,EUR,0.8997,Low
2026-04-19,EUR,0.9002,Low
2026-04-20,EUR,0.9,Low
2026-04-21,EUR,0.8966,Low
2026-04-22,EUR,0.8965,Low
2026-04-23,EUR,0.8966,Low
2026-04-24,EUR,0.9011,Low
2026-04-25,EUR,0.9007,Low
2026-04-26,EUR,0.9013,Low
2026-04-27,EUR,0.9012,Low
2026-04-28,EUR,0.8991,Low
2026-04-29,EUR,0.9011,Low
2026-04-30,EUR,0.9025,Low
2026-05-01,EUR,0.9039,Low
2026-05-02,EUR,0.9023,Low
2026-05-03,EUR,0.9048,Low
2026-05-04,EUR,0.9023,Low
2026-05-05,EUR,0.9033,Low
2026-05-06,EUR,0.9073,Low
2026-05-07,EUR,0.9055,Low
2026-05-08,EUR,0.9045,Low
2026-05-09,EUR,0.9047,Low
2026-05-10,EUR,0.9037,Low
2026-05-11,EUR,0.9009,Low
2026-05-12,EUR,0.9011,Low
2026-05-13,EUR,0.8991,Low
2026-05-14,EUR,0.9,Low
2026-05-15,EUR,0.8983,Low
2026-05-16,EUR,0.9011,Low
2026-05-17,EUR,0.8997,Low
2026-05-18,EUR,0.8991,Low
2026-05-19,EUR,0.9006,Low
2026-05-20,EUR,0.8984,Low
2026-05-21,EUR,0.8988,Low
2026-05-22,EUR,0.9011,Low
2026-05-23,EUR,0.8982,Low
2026-05-24,EUR,0.8986,Low
2026-05-25,EUR,0.899,Low
2026-05-26,EUR,0.9004,Low
2026-05-27,EUR,0.8982,Low
2026-05-28,EUR,0.8958,Low
2026-05-29,EUR,0.8968,Low
2026-05-30,EUR,0.8973,Low
2026-05-31,EUR,0.8978,Low
2026-06-01,EUR,0.8984,Low
2026-06-02,EUR,0.8972,Low
2026-06-03,EUR,0.8976,Low
2026-06-04,EUR,0.8981,Low
2026-06-05,EUR,0.8968,Low
2026-06-06,EUR,0.9002,Low
2026-06-07,EUR,0.901,Low
2026-06-08,EUR,0.8989,Low
2026-06-09,EUR,0.9001,Low
2026-06-10,EUR,0.8983,Low
2026-06-11,EUR,0.8997,Low
2026-06-12,EUR,0.9018,Low
2026-06-13,EUR,0.9003,Low
2026-06-14,EUR,0.9021,Low
2026-06-15,EUR,0.9028,Low
2026-06-16,EUR,0.9043,Low
2026-06-17,EUR,0.9077,Low
2026-06-18,EUR,0.9073,Low
2026-06-19,EUR,0.9059,Low
2026-06-20,EUR,0.9043,Low
2026-06-21,EUR,0.9028,Low
2026-06-22,EUR,0.9027,Low
2026-06-23,EUR,0.9033,Low
2026-06-24,EUR,0.9038,Low
2026-06-25,EUR,0.9053,Low
2026-06-26,EUR,0.9053,Low
2026-06-27,EUR,0.9079,Low
2026-06-28,EUR,0.9075,Low
2026-06-29,EUR,0.9124,Low
2026-06-30,EUR,0.9135,Low
2026-07-01,EUR,0.912,Low
2026-07-02,EUR,0.91,Low
2026-07-03,EUR,0.9109,Low
2026-07-04,EUR,0.9105,Low
2026-07-05,EUR,0.9118,Low
2026-07-06,EUR,0.9127,Low
2026-07-07,EUR,0.9125,Low
2026-07-08,EUR,0.911,Low
2026-07-09,EUR,0.9082,Low
2026-07-10,EUR,0.9074,Low
2026-07-11,EUR,0.909,Low
2026-07-12,EUR,0.9094,Low
2026-07-13,EUR,0.9071,Low
2026-07-14,EUR,0.9074,Low
2026-07-15,EUR,0.9081,Low
2026-07-16,EUR,0.9065,Low
2026-07-17,EUR,0.9068,Low
2026-07-18,EUR,0.9069,Low
2026-07-19,EUR,0.9048,Low
2026-07-20,EUR,0.9055,Low
2026-07-21,EUR,0.9065,Low
2026-07-22,EUR,0.9084,Low
2026-07-23,EUR,0.9103,Low
2026-07-24,EUR,0.9078,Low
2026-07-25,EUR,0.9061,Low
2026-07-26,EUR,0.9071,Low
2026-07-27,EUR,0.908,Low
2026-07-28,EUR,0.9089,Low
2026-07-29,EUR,0.9159,Low
2026-07-30,EUR,0.917,Low
2026-07-31,EUR,0.9191,Low
2026-08-01,EUR,0.9208,Low
2026-08-02,EUR,0.922,Low
2026-08-03,EUR,0.9214,Low
2026-08-04,EUR,0.9228,Low
2026-08-05,EUR,0.9214,Low
2026-08-06,EUR,0.921,Low
2026-08-07,EUR,0.9201,Low
2026-08-08,EUR,0.9202,Low
2026-08-09,EUR,0.9245,Low
2026-08-10,EUR,0.921,Low
2026-08-11,EUR,0.9223,Low
2026-08-12,EUR,0.9193,Low
2026-08-13,EUR,0.9185,Low
2026-08-14,EUR,0.9205,Low
2026-08-15,EUR,0.9206,Low
2026-08-16,EUR,0.9186,Low
2026-08-17,EUR,0.9173,Low
2026-08-18,EUR,0.9185,Low
2026-08-19,EUR,0.9172,Low
2026-08-20,EUR,0.9176,Low
2026-08-21,EUR,0.9177,Low
2026-08-22,EUR,0.9165,Low
2026-08-23,EUR,0.9204,Low
2026-08-24,EUR,0.9216,Low
2026-08-25,EUR,0.9178,Low
2026-08-26,EUR,0.9182,Low
2026-08-27,EUR,0.917,Low
2026-08-28,EUR,0.9185,Low
2026-08-29,EUR,0.9171,Low
2026-08-30,EUR,0.9169,Low
2026-08-31,EUR,0.9178,Low
2026-09-01,EUR,0.9194,Low
2026-09-02,EUR,0.9172,Low
2026-09-03,EUR,0.9166,Low
2026-09-04,EUR,0.9157,Low
2026-09-05,EUR,0.9145,Low
2026-09-06,EUR,0.9177,Low
2026-09-07,EUR,0.9185,Low
2026-09-08,EUR,0.9161,Low
2026-09-09,EUR,0.9178,Low
2026-09-10,EUR,0.9217,Low
2026-09-11,EUR,0.9236,Low
2026-09-12,EUR,0.9208,Low
2026-09-13,EUR,0.9199,Low
2026-09-14,EUR,0.9223,Low
2026-09-15,EUR,0.921,Low
2026-09-16,EUR,0.9218,Low
2026-09-17,EUR,0.9232,Low
2026-09-18,EUR,0.9215,Low
2026-09-19,EUR,0.9214,Low
2026-09-20,EUR,0.9154,Low
2026-09-21,EUR,0.9135,Low
2026-09-22,EUR,0.9131,Low
2026-09-23,EUR,0.9108,Low
2026-09-24,EUR,0.9138,Low
2026-09-25,EUR,0.9111,Low
2026-09-26,EUR,0.9103,Low
2026-09-27,EUR,0.9106,Low
2026-09-28,EUR,0.9132,Low
2026-09-29,EUR,0.9106,Low
2026-09-30,EUR,0.9127,Low
2026-10-01,EUR,0.9127,Low
2026-10-02,EUR,0.9109,Low
2026-10-03,EUR,0.9118,Low
2026-10-04,EUR,0.9121,Low
2026-10-05,EUR,0.911,Low
2026-10-06,EUR,0.9112,Low
2026-10-07,EUR,0.9105,Low
2026-10-08,EUR,0.9107,Low
2026-10-09,EUR,0.9119,Low
2026-10-10,EUR,0.9148,Low
2026-10-11,EUR,0.9125,Low
2026-10-12,EUR,0.9164,Low
2026-10-13,EUR,0.9128,Low
2026-10-14,EUR,0.9125,Low
2026-10-15,EUR,0.9136,Low
2026-10-16,EUR,0.9141,Low
2026-10-17,EUR,0.913,Low
2026-10-18,EUR,0.9126,Low
2026-10-19,EUR,0.9117,Low
2026-10-20,EUR,0.9106,Low
2026-10-21,EUR,0.9122,Low
2026-10-22,EUR,0.9128,Low
2026-10-23,EUR,0.9116,Low
2026-10-24,EUR,0.9132,Low
2026-10-25,EUR,0.9138,Low
2026-10-26,EUR,0.9153,Low
2026-10-27,EUR,0.9164,Low
2026-10-28,EUR,0.9149,Low
2026-10-29,EUR,0.9139,Low
2026-10-30,EUR,0.9152,Low
2026-10-31,EUR,0.9164,Low
2026-11-01,EUR,0.9163,Low
2026-11-02,EUR,0.9165,Low
2026-11-03,EUR,0.9189,Low
2026-11-04,EUR,0.9178,Low
2026-11-05,EUR,0.9188,Low
2026-11-06,EUR,0.9184,Low
2026-11-07,EUR,0.918,Low
2026-11-08,EUR,0.92,Low
2026-11-09,EUR,0.9216,Low
2026-11-10,EUR,0.9231,Low
2026-11-11,EUR,0.9255,Low
2026-11-12,EUR,0.9255,Low
2026-11-13,EUR,0.9268,Low
2026-11-14,EUR,0.9262,Low
2026-11-15,EUR,0.9268,Low
2026-11-16,EUR,0.9265,Low
2026-11-17,EUR,0.9267,Low
2026-11-18,EUR,0.9278,Low
2026-11-19,EUR,0.9263,Low
2026-11-20,EUR,0.9302,Low
2026-11-21,EUR,0.9283,Low
2026-11-22,EUR,0.9261,Low
2026-11-23,EUR,0.9282,Low
2026-11-24,EUR,0.9297,Low
2026-11-25,EUR,0.9308,Low
2026-11-26,EUR,0.932,Low
2026-11-27,EUR,0.932,Low
2026-11-28,EUR,0.9303,Low
2026-11-29,EUR,0.9305,Low
2026-11-30,EUR,0.9292,Low
2026-12-01,EUR,0.931,Low
2026-12-02,EUR,0.9307,Low
2026-12-03,EUR,0.9292,Low
2026-12-04,EUR,0.9286,Low
2026-12-05,EUR,0.9294,Low
2026-12-06,EUR,0.9283,Low
2026-12-07,EUR,0.9268,Low
2026-12-08,EUR,0.9272,Low
2026-12-09,EUR,0.9277,Low
2026-12-10,EUR,0.9268,Low
2026-12-11,EUR,0.9259,Low
2026-12-12,EUR,0.9263,Low
2026-12-13,EUR,0.9236,Low
2026-12-14,EUR,0.921,Low
2026-12-15,EUR,0.9197,Low
2026-12-16,EUR,0.9193,Low
2026-12-17,EUR,0.9199,Low
2026-12-18,EUR,0.9226,Low
2026-12-19,EUR,0.9242,Low
2026-12-20,EUR,0.9239,Low
2026-12-21,EUR,0.9238,Low
2026-12-22,EUR,0.922,Low
2026-12-23,EUR,0.922,Low
2026-12-24,EUR,0.9214,Low
2026-12-25,EUR,0.922,Low
2026-12-26,EUR,0.9205,Low
2026-12-27,EUR,0.9215,Low
2026-12-28,EUR,0.9243,Low
2026-12-29,EUR,0.9241,Low
2026-12-30,EUR,0.9248,Low
2026-12-31,EUR,0.9261,Low
2026-01-01,GBP,0.7894,Low
2026-01-02,GBP,0.7897,Low
2026-01-03,GBP,0.7897,Low
2026-01-04,GBP,0.7899,Low
2026-01-05,GBP,0.7887,Low
2026-01-06,GBP,0.7887,Low
2026-01-07,GBP,0.7895,Low
2026-01-08,GBP,0.7918,Low
2026-01-09,GBP,0.7933,Low
2026-01-10,GBP,0.7967,Low
2026-01-11,GBP,0.7955,Low
2026-01-12,GBP,0.7969,Low
2026-01-13,GBP,0.7972,Low
2026-01-14,GBP,0.8007,Low
2026-01-15,GBP,0.7994,Low
2026-01-16,GBP,0.798,Low
2026-01-17,GBP,0.7971,Low
2026-01-18,GBP,0.7937,Low
2026-01-19,GBP,0.7929,Low
2026-01-20,GBP,0.7917,Low
2026-01-21,GBP,0.7919,Low
2026-01-22,GBP,0.7924,Low
2026-01-23,GBP,0.7954,Low
2026-01-24,GBP,0.7969,Low
2026-01-25,GBP,0.796,Low
2026-01-26,GBP,0.7946,Low
2026-01-27,GBP,0.7954,Low
2026-01-28,GBP,0.7933,Low
2026-01-29,GBP,0.7962,Low
2026-01-30,GBP,0.798,Low
2026-01-31,GBP,0.7973,Low
2026-02-01,GBP,0.7946,Low
2026-02-02,GBP,0.7967,Low
2026-02-03,GBP,0.7965,Low
2026-02-04,GBP,0.7985,Low
2026-02-05,GBP,0.7959,Low
2026-02-06,GBP,0.795,Low
2026-02-07,GBP,0.795,Low
2026-02-08,GBP,0.7951,Low
2026-02-09,GBP,0.7944,Low
2026-02-10,GBP,0.7954,Low
2026-02-11,GBP,0.7937,Low
2026-02-12,GBP,0.7934,Low
2026-02-13,GBP,0.7936,Low
2026-02-14,GBP,0.7944,Low
2026-02-15,GBP,0.7956,Low
2026-02-16,GBP,0.7938,Low
2026-02-17,GBP,0.7913,Low
2026-02-18,GBP,0.7934,Low
2026-02-19,GBP,0.7939,Low
2026-02-20,GBP,0.7927,Low
2026-02-21,GBP,0.7952,Low
2026-02-22,GBP,0.7953,Low
2026-02-23,GBP,0.7972,Low
2026-02-24,GBP,0.7973,Low
2026-02-25,GBP,0.8006,Low
2026-02-26,GBP,0.8034,Low
2026-02-27,GBP,0.803,Low
2026-02-28,GBP,0.8046,Low
2026-03-01,GBP,0.8056,Low
2026-03-02,GBP,0.8078,Low
2026-03-03,GBP,0.8063,Low
2026-03-04,GBP,0.8074,Low
2026-03-05,GBP,0.8091,Low
2026-03-06,GBP,0.8062,Low
2026-03-07,GBP,0.8043,Low
2026-03-08,GBP,0.8011,Low
2026-03-09,GBP,0.8006,Low
2026-03-10,GBP,0.8018,Low
2026-03-11,GBP,0.8042,Low
2026-03-12,GBP,0.8043,Low
2026-03-13,GBP,0.8069,Low
2026-03-14,GBP,0.8047,Low
2026-03-15,GBP,0.8019,Low
2026-03-16,GBP,0.8019,Low
2026-03-17,GBP,0.8025,Low
2026-03-18,GBP,0.8024,Low
2026-03-19,GBP,0.7991,Low
2026-03-20,GBP,0.799,Low
2026-03-21,GBP,0.7969,Low
2026-03-22,GBP,0.7979,Low
2026-03-23,GBP,0.7985,Low
2026-03-24,GBP,0.797,Low
2026-03-25,GBP,0.7962,Low
2026-03-26,GBP,0.7945,Low
2026-03-27,GBP,0.7944,Low
2026-03-28,GBP,0.7959,Low
2026-03-29,GBP,0.7944,Low
2026-03-30,GBP,0.7952,Low
2026-03-31,GBP,0.7943,Low
2026-04-01,GBP,0.7931,Low
2026-04-02,GBP,0.7929,Low
2026-04-03,GBP,0.7913,Low
2026-04-04,GBP,0.7904,Low
2026-04-05,GBP,0.7885,Low
2026-04-06,GBP,0.7916,Low
2026-04-07,GBP,0.7916,Low
2026-04-08,GBP,0.7905,Low
2026-04-09,GBP,0.7909,Low
2026-04-10,GBP,0.7907,Low
2026-04-11,GBP,0.7903,Low
2026-04-12,GBP,0.7913,Low
2026-04-13,GBP,0.7925,Low
2026-04-14,GBP,0.7917,Low
2026-04-15,GBP,0.7908,Low
2026-04-16,GBP,0.7903,Low
2026-04-17,GBP,0.7867,Low
2026-04-18,GBP,0.7843,Low
2026-04-19,GBP,0.7864,Low
2026-04-20,GBP,0.789,Low
2026-04-21,GBP,0.7886,Low
2026-04-22,GBP,0.7896,Low
2026-04-23,GBP,0.79,Low
2026-04-24,GBP,0.7949,Low
2026-04-25,GBP,0.7967,Low
2026-04-26,GBP,0.7965,Low
2026-04-27,GBP,0.795,Low
2026-04-28,GBP,0.7924,Low
2026-04-29,GBP,0.7927,Low
2026-04-30,GBP,0.7915,Low
2026-05-01,GBP,0.7893,Low
2026-05-02,GBP,0.7883,Low
2026-05-03,GBP,0.7866,Low
2026-05-04,GBP,0.7892,Low
2026-05-05,GBP,0.7906,Low
2026-05-06,GBP,0.7906,Low
2026-05-07,GBP,0.7929,Low
2026-05-08,GBP,0.7931,Low
2026-05-09,GBP,0.7917,Low
2026-05-10,GBP,0.7941,Low
2026-05-11,GBP,0.795,Low
2026-05-12,GBP,0.7933,Low
2026-05-13,GBP,0.793,Low
2026-05-14,GBP,0.7916,Low
2026-05-15,GBP,0.7894,Low
2026-05-16,GBP,0.7909,Low
2026-05-17,GBP,0.7939,Low
2026-05-18,GBP,0.7917,Low
2026-05-19,GBP,0.7926,Low
2026-05-20,GBP,0.7915,Low
2026-05-21,GBP,0.7908,Low
2026-05-22,GBP,0.7898,Low
2026-05-23,GBP,0.7885,Low
2026-05-24,GBP,0.7885,Low
2026-05-25,GBP,0.7872,Low
2026-05-26,GBP,0.7877,Low
2026-05-27,GBP,0.7876,Low
2026-05-28,GBP,0.7872,Low
2026-05-29,GBP,0.7858,Low
2026-05-30,GBP,0.7849,Low
2026-05-31,GBP,0.7861,Low
2026-06-01,GBP,0.7868,Low
2026-06-02,GBP,0.7853,Low
2026-06-03,GBP,0.7855,Low
2026-06-04,GBP,0.7866,Low
2026-06-05,GBP,0.784,Low
2026-06-06,GBP,0.7849,Low
2026-06-07,GBP,0.7838,Low
2026-06-08,GBP,0.7847,Low
2026-06-09,GBP,0.7835,Low
2026-06-10,GBP,0.7807,Low
2026-06-11,GBP,0.7782,Low
2026-06-12,GBP,0.7782,Low
2026-06-13,GBP,0.7786,Low
2026-06-14,GBP,0.7772,Low
2026-06-15,GBP,0.7782,Low
2026-06-16,GBP,0.7756,Low
2026-06-17,GBP,0.7755,Low
2026-06-18,GBP,0.7737,Low
2026-06-19,GBP,0.7726,Low
2026-06-20,GBP,0.7727,Low
2026-06-21,GBP,0.7714,Low
2026-06-22,GBP,0.7708,Low
2026-06-23,GBP,0.7723,Low
2026-06-24,GBP,0.7715,Low
2026-06-25,GBP,0.7727,Low
2026-06-26,GBP,0.771,Low
2026-06-27,GBP,0.7718,Low
2026-06-28,GBP,0.774,Low
2026-06-29,GBP,0.7702,Low
2026-06-30,GBP,0.769,Low
2026-07-01,GBP,0.7699,Low
2026-07-02,GBP,0.7696,Low
2026-07-03,GBP,0.7701,Low
2026-07-04,GBP,0.7692,Low
2026-07-05,GBP,0.7693,Low
2026-07-06,GBP,0.7691,Low
2026-07-07,GBP,0.7709,Low
2026-07-08,GBP,0.7713,Low
2026-07-09,GBP,0.7718,Low
2026-07-10,GBP,0.7712,Low
2026-07-11,GBP,0.7704,Low
2026-07-12,GBP,0.7698,Low
2026-07-13,GBP,0.7704,Low
2026-07-14,GBP,0.7697,Low
2026-07-15,GBP,0.7702,Low
2026-07-16,GBP,0.7734,Low
2026-07-17,GBP,0.7747,Low
2026-07-18,GBP,0.7742,Low
2026-07-19,GBP,0.7761,Low
2026-07-20,GBP,0.7754,Low
2026-07-21,GBP,0.7723,Low
2026-07-22,GBP,0.7707,Low
2026-07-23,GBP,0.7678,Low
2026-07-24,GBP,0.7673,Low
2026-07-25,GBP,0.7673,Low
2026-07-26,GBP,0.7699,Low
2026-07-27,GBP,0.7704,Low
2026-07-28,GBP,0.77,Low
2026-07-29,GBP,0.7713,Low
2026-07-30,GBP,0.7679,Low
2026-07-31,GBP,0.7683,Low
2026-08-01,GBP,0.7695,Low
2026-08-02,GBP,0.7672,Low
2026-08-03,GBP,0.7689,Low
2026-08-04,GBP,0.7695,Low
2026-08-05,GBP,0.7688,Low
2026-08-06,GBP,0.7698,Low
2026-08-07,GBP,0.7733,Low
2026-08-08,GBP,0.7736,Low
2026-08-09,GBP,0.774,Low
2026-08-10,GBP,0.7732,Low
2026-08-11,GBP,0.7719,Low
2026-08-12,GBP,0.7732,Low
2026-08-13,GBP,0.7719,Low
2026-08-14,GBP,0.772,Low
2026-08-15,GBP,0.7713,Low
2026-08-16,GBP,0.772,Low
2026-08-17,GBP,0.7725,Low
2026-08-18,GBP,0.7741,Low
2026-08-19,GBP,0.7733,Low
2026-08-20,GBP,0.7729,Low
2026-08-21,GBP,0.7714,Low
2026-08-22,GBP,0.7707,Low
2026-08-23,GBP,0.7713,Low
2026-08-24,GBP,0.7725,Low
2026-08-25,GBP,0.771,Low
2026-08-26,GBP,0.7724,Low
2026-08-27,GBP,0.7745,Low
2026-08-28,GBP,0.7751,Low
2026-08-29,GBP,0.778,Low
2026-08-30,GBP,0.7768,Low
2026-08-31,GBP,0.7749,Low
2026-09-01,GBP,0.7721,Low
2026-09-02,GBP,0.7744,Low
2026-09-03,GBP,0.7755,Low
2026-09-04,GBP,0.7754,Low
2026-09-05,GBP,0.7758,Low
2026-09-06,GBP,0.7741,Low
2026-09-07,GBP,0.7778,Low
2026-09-08,GBP,0.778,Low
2026-09-09,GBP,0.7782,Low
2026-09-10,GBP,0.7793,Low
2026-09-11,GBP,0.7801,Low
2026-09-12,GBP,0.7804,Low
2026-09-13,GBP,0.7792,Low
2026-09-14,GBP,0.7799,Low
2026-09-15,GBP,0.7829,Low
2026-09-16,GBP,0.785,Low
2026-09-17,GBP,0.7875,Low
2026-09-18,GBP,0.7867,Low
2026-09-19,GBP,0.7851,Low
2026-09-20,GBP,0.7849,Low
2026-09-21,GBP,0.785,Low
2026-09-22,GBP,0.7867,Low
2026-09-23,GBP,0.7841,Low
2026-09-24,GBP,0.7865,Low
2026-09-25,GBP,0.7862,Low
2026-09-26,GBP,0.7855,Low
2026-09-27,GBP,0.784,Low
2026-09-28,GBP,0.7814,Low
2026-09-29,GBP,0.7826,Low
2026-09-30,GBP,0.7828,Low
2026-10-01,GBP,0.7807,Low
2026-10-02,GBP,0.7787,Low
2026-10-03,GBP,0.7782,Low
2026-10-04,GBP,0.7808,Low
2026-10-05,GBP,0.7804,Low
2026-10-06,GBP,0.778,Low
2026-10-07,GBP,0.7777,Low
2026-10-08,GBP,0.7772,Low
2026-10-09,GBP,0.773,Low
2026-10-10,GBP,0.773,Low
2026-10-11,GBP,0.7726,Low
2026-10-12,GBP,0.7737,Low
2026-10-13,GBP,0.7765,Low
2026-10-14,GBP,0.7783,Low
2026-10-15,GBP,0.7779,Low
2026-10-16,GBP,0.7762,Low
2026-10-17,GBP,0.7801,Low
2026-10-18,GBP,0.7802,Low
2026-10-19,GBP,0.7803,Low
2026-10-20,GBP,0.7802,Low
2026-10-21,GBP,0.7805,Low
2026-10-22,GBP,0.7803,Low
2026-10-23,GBP,0.7794,Low
2026-10-24,GBP,0.7786,Low
2026-10-25,GBP,0.7785,Low
2026-10-26,GBP,0.7777,Low
2026-10-27,GBP,0.7766,Low
2026-10-28,GBP,0.7767,Low
2026-10-29,GBP,0.7763,Low
2026-10-30,GBP,0.7787,Low
2026-10-31,GBP,0.7745,Low
2026-11-01,GBP,0.7762,Low
2026-11-02,GBP,0.7782,Low
2026-11-03,GBP,0.7749,Low
2026-11-04,GBP,0.7744,Low
2026-11-05,GBP,0.7738,Low
2026-11-06,GBP,0.7716,Low
2026-11-07,GBP,0.7704,Low
2026-11-08,GBP,0.7687,Low
2026-11-09,GBP,0.7714,Low
2026-11-10,GBP,0.7729,Low
2026-11-11,GBP,0.7748,Low
2026-11-12,GBP,0.776,Low
2026-11-13,GBP,0.7742,Low
2026-11-14,GBP,0.7734,Low
2026-11-15,GBP,0.7741,Low
2026-11-16,GBP,0.7723,Low
2026-11-17,GBP,0.7734,Low
2026-11-18,GBP,0.773,Low
2026-11-19,GBP,0.7724,Low
2026-11-20,GBP,0.7735,Low
2026-11-21,GBP,0.7742,Low
2026-11-22,GBP,0.7736,Low
2026-11-23,GBP,0.7754,Low
2026-11-24,GBP,0.7737,Low
2026-11-25,GBP,0.7747,Low
2026-11-26,GBP,0.7756,Low
2026-11-27,GBP,0.7751,Low
2026-11-28,GBP,0.7756,Low
2026-11-29,GBP,0.7737,Low
2026-11-30,GBP,0.7751,Low
2026-12-01,GBP,0.7748,Low
2026-12-02,GBP,0.774,Low
2026-12-03,GBP,0.7757,Low
2026-12-04,GBP,0.7746,Low
2026-12-05,GBP,0.7724,Low
2026-12-06,GBP,0.77,Low
2026-12-07,GBP,0.7709,Low
2026-12-08,GBP,0.7689,Low
2026-12-09,GBP,0.7716,Low
2026-12-10,GBP,0.7684,Low
2026-12-11,GBP,0.771,Low
2026-12-12,GBP,0.7714,Low
2026-12-13,GBP,0.7712,Low
2026-12-14,GBP,0.7704,Low
2026-12-15,GBP,0.771,Low
2026-12-16,GBP,0.7709,Low
2026-12-17,GBP,0.7726,Low
2026-12-18,GBP,0.7728,Low
2026-12-19,GBP,0.773,Low
2026-12-20,GBP,0.7725,Low
2026-12-21,GBP,0.7724,Low
2026-12-22,GBP,0.7729,Low
2026-12-23,GBP,0.7702,Low
2026-12-24,GBP,0.7681,Low
2026-12-25,GBP,0.7693,Low
2026-12-26,GBP,0.7695,Low
2026-12-27,GBP,0.7693,Low
2026-12-28,GBP,0.7693,Low
2026-12-29,GBP,0.7698,Low
2026-12-30,GBP,0.769,Low
2026-12-31,GBP,0.7678,Low
2026-01-01,INR,85.2584,Medium
2026-01-02,INR,84.9665,Medium
2026-01-03,INR,85.0879,Medium
2026-01-04,INR,84.5808,Medium
2026-01-05,INR,84.8855,Medium
2026-01-06,INR,85.0259,Medium
2026-01-07,INR,85.1021,Medium
2026-01-08,INR,85.3948,Medium
2026-01-09,INR,85.8926,Medium
2026-01-10,INR,86.1975,Medium
2026-01-11,INR,85.6421,Medium
2026-01-12,INR,85.2586,Medium
2026-01-13,INR,85.0721,Medium
2026-01-14,INR,85.0799,Medium
2026-01-15,INR,85.234,Medium
2026-01-16,INR,85.0175,Medium
2026-01-17,INR,85.0731,Medium
2026-01-18,INR,84.8482,Medium
2026-01-19,INR,84.6666,Medium
2026-01-20,INR,84.2498,Medium
2026-01-21,INR,83.9775,Medium
2026-01-22,INR,83.5802,Medium
2026-01-23,INR,83.2948,Medium
2026-01-24,INR,83.6019,Medium
2026-01-25,INR,83.3241,Medium
2026-01-26,INR,84.0918,Medium
2026-01-27,INR,84.237,Medium
2026-01-28,INR,84.2915,Medium
2026-01-29,INR,84.0383,Medium
2026-01-30,INR,84.2443,Medium
2026-01-31,INR,84.0745,Medium
2026-02-01,INR,84.1104,Medium
2026-02-02,INR,84.8641,Medium
2026-02-03,INR,84.8356,Medium
2026-02-04,INR,85.1768,Medium
2026-02-05,INR,84.9672,Medium
2026-02-06,INR,84.9568,Medium
2026-02-07,INR,85.4833,Medium
2026-02-08,INR,85.2957,Medium
2026-02-09,INR,85.8368,Medium
2026-02-10,INR,86.0494,Medium
2026-02-11,INR,85.88,Medium
2026-02-12,INR,86.0701,Medium
2026-02-13,INR,86.3631,Medium
2026-02-14,INR,86.5511,Medium
2026-02-15,INR,86.0754,Medium
2026-02-16,INR,85.8563,Medium
2026-02-17,INR,85.782,Medium
2026-02-18,INR,85.7596,Medium
2026-02-19,INR,85.9459,Medium
2026-02-20,INR,85.9994,Medium
2026-02-21,INR,85.5974,Medium
2026-02-22,INR,85.7113,Medium
2026-02-23,INR,85.8945,Medium
2026-02-24,INR,86.0628,Medium
2026-02-25,INR,86.3883,Medium
2026-02-26,INR,86.6405,Medium
2026-02-27,INR,86.7797,Medium
2026-02-28,INR,86.7584,Medium
2026-03-01,INR,86.2541,Medium
2026-03-02,INR,86.3838,Medium
2026-03-03,INR,86.4466,Medium
2026-03-04,INR,86.5287,Medium
2026-03-05,INR,86.1421,Medium
2026-03-06,INR,85.8161,Medium
2026-03-07,INR,86.1324,Medium
2026-03-08,INR,86.1205,Medium
2026-03-09,INR,86.3259,Medium
2026-03-10,INR,86.3345,Medium
2026-03-11,INR,86.3435,Medium
2026-03-12,INR,86.627,Medium
2026-03-13,INR,86.4706,Medium
2026-03-14,INR,86.4997,Medium
2026-03-15,INR,86.3597,Medium
2026-03-16,INR,86.2284,Medium
2026-03-17,INR,86.1351,Medium
2026-03-18,INR,86.202,Medium
2026-03-19,INR,86.0576,Medium
2026-03-20,INR,86.4358,Medium
2026-03-21,INR,86.1652,Medium
2026-03-22,INR,86.1088,Medium
2026-03-23,INR,85.9763,Medium
2026-03-24,INR,86.4117,Medium
2026-03-25,INR,86.4712,Medium
2026-03-26,INR,86.7835,Medium
2026-03-27,INR,86.3322,Medium
2026-03-28,INR,86.4129,Medium
2026-03-29,INR,86.682,Medium
2026-03-30,INR,86.707,Medium
2026-03-31,INR,87.0303,Medium
2026-04-01,INR,86.8727,Medium
2026-04-02,INR,87.3013,Medium
2026-04-03,INR,88.0037,Medium
2026-04-04,INR,87.8919,Medium
2026-04-05,INR,87.7549,Medium
2026-04-06,INR,88.2013,Medium
2026-04-07,INR,88.6889,Medium
2026-04-08,INR,88.5266,Medium
2026-04-09,INR,88.3964,Medium
2026-04-10,INR,88.3092,Medium
2026-04-11,INR,87.8937,Medium
2026-04-12,INR,87.6111,Medium
2026-04-13,INR,87.3032,Medium
2026-04-14,INR,87.0686,Medium
2026-04-15,INR,87.058,Medium
2026-04-16,INR,87.1294,Medium
2026-04-17,INR,87.6022,Medium
2026-04-18,INR,87.2961,Medium
2026-04-19,INR,87.5968,Medium
2026-04-20,INR,87.5312,Medium
2026-04-21,INR,87.5161,Medium
2026-04-22,INR,87.7228,Medium
2026-04-23,INR,87.3781,Medium
2026-04-24,INR,87.495,Medium
2026-04-25,INR,87.546,Medium
2026-04-26,INR,87.6969,Medium
2026-04-27,INR,87.7856,Medium
2026-04-28,INR,88.54,Medium
2026-04-29,INR,88.3424,Medium
2026-04-30,INR,88.1782,Medium
2026-05-01,INR,87.9859,Medium
2026-05-02,INR,87.8148,Medium
2026-05-03,INR,87.6189,Medium
2026-05-04,INR,87.9836,Medium
2026-05-05,INR,88.421,Medium
2026-05-06,INR,88.2444,Medium
2026-05-07,INR,87.9873,Medium
2026-05-08,INR,88.1325,Medium
2026-05-09,INR,87.9621,Medium
2026-05-10,INR,88.157,Medium
2026-05-11,INR,88.2196,Medium
2026-05-12,INR,87.7516,Medium
2026-05-13,INR,88.2269,Medium
2026-05-14,INR,88.7814,Medium
2026-05-15,INR,88.591,Medium
2026-05-16,INR,88.4708,Medium
2026-05-17,INR,88.5593,Medium
2026-05-18,INR,88.663,Medium
2026-05-19,INR,88.8673,Medium
2026-05-20,INR,89.4926,Medium
2026-05-21,INR,89.4372,Medium
2026-05-22,INR,89.1873,Medium
2026-05-23,INR,88.7567,Medium
2026-05-24,INR,88.5296,Medium
2026-05-25,INR,88.5194,Medium
2026-05-26,INR,89.0754,Medium
2026-05-27,INR,88.914,Medium
2026-05-28,INR,88.9836,Medium
2026-05-29,INR,88.9785,Medium
2026-05-30,INR,89.3486,Medium
2026-05-31,INR,90.1388,Medium
2026-06-01,INR,89.9714,Medium
2026-06-02,INR,89.8172,Medium
2026-06-03,INR,90.1455,Medium
2026-06-04,INR,90.3606,Medium
2026-06-05,INR,90.9447,Medium
2026-06-06,INR,91.1305,Medium
2026-06-07,INR,91.0159,Medium
2026-06-08,INR,91.2041,Medium
2026-06-09,INR,91.558,Medium
2026-06-10,INR,91.8209,Medium
2026-06-11,INR,91.984,Medium
2026-06-12,INR,92.3274,Medium
2026-06-13,INR,92.7052,Medium
2026-06-14,INR,93.1537,Medium
2026-06-15,INR,93.3652,Medium
2026-06-16,INR,93.3106,Medium
2026-06-17,INR,93.3585,Medium
2026-06-18,INR,93.7527,Medium
2026-06-19,INR,93.4847,Medium
2026-06-20,INR,93.6053,Medium
2026-06-21,INR,93.4764,Medium
2026-06-22,INR,93.4858,Medium
2026-06-23,INR,93.9041,Medium
2026-06-24,INR,93.9669,Medium
2026-06-25,INR,93.9822,Medium
2026-06-26,INR,93.5349,Medium
2026-06-27,INR,93.7792,Medium
2026-06-28,INR,93.9911,Medium
2026-06-29,INR,94.7027,Medium
2026-06-30,INR,94.6007,Medium
2026-07-01,INR,94.6733,Medium
2026-07-02,INR,94.7559,Medium
2026-07-03,INR,95.2791,Medium
2026-07-04,INR,95.2473,Medium
2026-07-05,INR,95.3403,Medium
2026-07-06,INR,95.5431,Medium
2026-07-07,INR,95.6055,Medium
2026-07-08,INR,95.4562,Medium
2026-07-09,INR,95.521,Medium
2026-07-10,INR,95.8799,Medium
2026-07-11,INR,95.5355,Medium
2026-07-12,INR,95.5799,Medium
2026-07-13,INR,95.3457,Medium
2026-07-14,INR,95.7445,Medium
2026-07-15,INR,95.2341,Medium
2026-07-16,INR,95.0478,Medium
2026-07-17,INR,95.1733,Medium
2026-07-18,INR,95.6948,Medium
2026-07-19,INR,95.6727,Medium
2026-07-20,INR,95.4868,Medium
2026-07-21,INR,96.1155,Medium
2026-07-22,INR,95.6284,Medium
2026-07-23,INR,94.8925,Medium
2026-07-24,INR,95.0386,Medium
2026-07-25,INR,94.8716,Medium
2026-07-26,INR,94.5325,Medium
2026-07-27,INR,94.7669,Medium
2026-07-28,INR,94.8477,Medium
2026-07-29,INR,94.6605,Medium
2026-07-30,INR,94.2363,Medium
2026-07-31,INR,94.5241,Medium
2026-08-01,INR,94.7392,Medium
2026-08-02,INR,94.7063,Medium
2026-08-03,INR,95.3184,Medium
2026-08-04,INR,94.9614,Medium
2026-08-05,INR,94.4544,Medium
2026-08-06,INR,94.2256,Medium
2026-08-07,INR,94.2106,Medium
2026-08-08,INR,94.2908,Medium
2026-08-09,INR,94.2112,Medium
2026-08-10,INR,94.3273,Medium
2026-08-11,INR,93.9141,Medium
2026-08-12,INR,94.3887,Medium
2026-08-13,INR,94.3615,Medium
2026-08-14,INR,94.7305,Medium
2026-08-15,INR,94.8442,Medium
2026-08-16,INR,94.9958,Medium
2026-08-17,INR,95.1852,Medium
2026-08-18,INR,95.3344,Medium
2026-08-19,INR,95.5488,Medium
2026-08-20,INR,95.9933,Medium
2026-08-21,INR,96.0594,Medium
2026-08-22,INR,96.2977,Medium
2026-08-23,INR,96.2675,Medium
2026-08-24,INR,96.7527,Medium
2026-08-25,INR,96.5237,Medium
2026-08-26,INR,97.1321,Medium
2026-08-27,INR,97.1184,Medium
2026-08-28,INR,96.6321,Medium
2026-08-29,INR,96.6754,Medium
2026-08-30,INR,96.445,Medium
2026-08-31,INR,96.7287,Medium
2026-09-01,INR,96.5078,Medium
2026-09-02,INR,96.3571,Medium
2026-09-03,INR,95.7198,Medium
2026-09-04,INR,95.5683,Medium
2026-09-05,INR,94.7576,Medium
2026-09-06,INR,94.2322,Medium
2026-09-07,INR,94.483,Medium
2026-09-08,INR,94.7429,Medium
2026-09-09,INR,94.884,Medium
2026-09-10,INR,94.5629,Medium
2026-09-11,INR,94.5471,Medium
2026-09-12,INR,94.5459,Medium
2026-09-13,INR,94.1626,Medium
2026-09-14,INR,94.658,Medium
2026-09-15,INR,94.9487,Medium
2026-09-16,INR,94.8753,Medium
2026-09-17,INR,94.8842,Medium
2026-09-18,INR,94.9534,Medium
2026-09-19,INR,94.2749,Medium
2026-09-20,INR,94.1933,Medium
2026-09-21,INR,93.9685,Medium
2026-09-22,INR,93.639,Medium
2026-09-23,INR,93.5469,Medium
2026-09-24,INR,94.1355,Medium
2026-09-25,INR,94.3466,Medium
2026-09-26,INR,94.158,Medium
2026-09-27,INR,94.3467,Medium
2026-09-28,INR,94.8088,Medium
2026-09-29,INR,95.1156,Medium
2026-09-30,INR,95.1355,Medium
2026-10-01,INR,94.9201,Medium
2026-10-02,INR,95.152,Medium
2026-10-03,INR,95.2831,Medium
2026-10-04,INR,95.5816,Medium
2026-10-05,INR,95.7941,Medium
2026-10-06,INR,96.146,Medium
2026-10-07,INR,95.9659,Medium
2026-10-08,INR,96.4084,Medium
2026-10-09,INR,96.4751,Medium
2026-10-10,INR,97.1758,Medium
2026-10-11,INR,96.9414,Medium
2026-10-12,INR,97.5304,Medium
2026-10-13,INR,97.5979,Medium
2026-10-14,INR,97.3754,Medium
2026-10-15,INR,97.2105,Medium
2026-10-16,INR,97.1015,Medium
2026-10-17,INR,97.2457,Medium
2026-10-18,INR,97.4236,Medium
2026-10-19,INR,97.228,Medium
2026-10-20,INR,97.2197,Medium
2026-10-21,INR,97.9487,Medium
2026-10-22,INR,98.5409,Medium
2026-10-23,INR,98.6914,Medium
2026-10-24,INR,98.7045,Medium
2026-10-25,INR,98.746,Medium
2026-10-26,INR,98.958,Medium
2026-10-27,INR,98.6038,Medium
2026-10-28,INR,98.5149,Medium
2026-10-29,INR,97.9396,Medium
2026-10-30,INR,98.0765,Medium
2026-10-31,INR,98.2986,Medium
2026-11-01,INR,98.1324,Medium
2026-11-02,INR,98.673,Medium
2026-11-03,INR,98.2497,Medium
2026-11-04,INR,97.7461,Medium
2026-11-05,INR,97.8229,Medium
2026-11-06,INR,98.1814,Medium
2026-11-07,INR,98.7601,Medium
2026-11-08,INR,98.6014,Medium
2026-11-09,INR,98.9737,Medium
2026-11-10,INR,98.9604,Medium
2026-11-11,INR,98.9006,Medium
2026-11-12,INR,99.2065,Medium
2026-11-13,INR,99.433,Medium
2026-11-14,INR,98.8843,Medium
2026-11-15,INR,99.3954,Medium
2026-11-16,INR,99.8755,Medium
2026-11-17,INR,99.6568,Medium
2026-11-18,INR,99.7949,Medium
2026-11-19,INR,99.9674,Medium
2026-11-20,INR,100.0586,Medium
2026-11-21,INR,99.8659,Medium
2026-11-22,INR,99.6311,Medium
2026-11-23,INR,99.6222,Medium
2026-11-24,INR,100.0311,Medium
2026-11-25,INR,100.2215,Medium
2026-11-26,INR,100.0915,Medium
2026-11-27,INR,100.3618,Medium
2026-11-28,INR,99.3612,Medium
2026-11-29,INR,99.7607,Medium
2026-11-30,INR,99.1533,Medium
2026-12-01,INR,99.0275,Medium
2026-12-02,INR,98.6394,Medium
2026-12-03,INR,98.1924,Medium
2026-12-04,INR,98.5914,Medium
2026-12-05,INR,98.43,Medium
2026-12-06,INR,98.5494,Medium
2026-12-07,INR,98.5332,Medium
2026-12-08,INR,98.6977,Medium
2026-12-09,INR,98.7242,Medium
2026-12-10,INR,98.2809,Medium
2026-12-11,INR,98.6236,Medium
2026-12-12,INR,98.4532,Medium
2026-12-13,INR,97.9168,Medium
2026-12-14,INR,97.7701,Medium
2026-12-15,INR,98.2836,Medium
2026-12-16,INR,98.5761,Medium
2026-12-17,INR,98.4558,Medium
2026-12-18,INR,98.3355,Medium
2026-12-19,INR,98.2248,Medium
2026-12-20,INR,98.9387,Medium
2026-12-21,INR,99.071,Medium
2026-12-22,INR,99.2201,Medium
2026-12-23,INR,99.5779,Medium
2026-12-24,INR,99.6611,Medium
2026-12-25,INR,99.5707,Medium
2026-12-26,INR,99.5023,Medium
2026-12-27,INR,99.4774,Medium
2026-12-28,INR,99.4644,Medium
2026-12-29,INR,99.7177,Medium
2026-12-30,INR,99.7359,Medium
2026-12-31,INR,99.9916,Medium
2026-01-01,AED,3.6697,Low
2026-01-02,AED,3.67,Low
2026-01-03,AED,3.6627,Low
2026-01-04,AED,3.666,Low
2026-01-05,AED,3.6673,Low
2026-01-06,AED,3.6709,Low
2026-01-07,AED,3.6603,Low
2026-01-08,AED,3.668,Low
2026-01-09,AED,3.6674,Low
2026-01-10,AED,3.6715,Low
2026-01-11,AED,3.6677,Low
2026-01-12,AED,3.6699,Low
2026-01-13,AED,3.6661,Low
2026-01-14,AED,3.6638,Low
2026-01-15,AED,3.6708,Low
2026-01-16,AED,3.6701,Low
2026-01-17,AED,3.6709,Low
2026-01-18,AED,3.6741,Low
2026-01-19,AED,3.6759,Low
2026-01-20,AED,3.6765,Low
2026-01-21,AED,3.6778,Low
2026-01-22,AED,3.6866,Low
2026-01-23,AED,3.6864,Low
2026-01-24,AED,3.6872,Low
2026-01-25,AED,3.691,Low
2026-01-26,AED,3.6951,Low
2026-01-27,AED,3.6995,Low
2026-01-28,AED,3.7019,Low
2026-01-29,AED,3.6976,Low
2026-01-30,AED,3.7037,Low
2026-01-31,AED,3.6994,Low
2026-02-01,AED,3.7006,Low
2026-02-02,AED,3.6978,Low
2026-02-03,AED,3.6975,Low
2026-02-04,AED,3.6987,Low
2026-02-05,AED,3.6999,Low
2026-02-06,AED,3.7015,Low
2026-02-07,AED,3.7075,Low
2026-02-08,AED,3.7092,Low
2026-02-09,AED,3.7082,Low
2026-02-10,AED,3.7118,Low
2026-02-11,AED,3.7162,Low
2026-02-12,AED,3.7117,Low
2026-02-13,AED,3.7139,Low
2026-02-14,AED,3.7165,Low
2026-02-15,AED,3.7154,Low
2026-02-16,AED,3.7205,Low
2026-02-17,AED,3.7199,Low
2026-02-18,AED,3.7204,Low
2026-02-19,AED,3.7198,Low
2026-02-20,AED,3.7198,Low
2026-02-21,AED,3.7157,Low
2026-02-22,AED,3.7104,Low
2026-02-23,AED,3.7163,Low
2026-02-24,AED,3.7132,Low
2026-02-25,AED,3.7095,Low
2026-02-26,AED,3.7015,Low
2026-02-27,AED,3.6991,Low
2026-02-28,AED,3.6942,Low
2026-03-01,AED,3.7003,Low
2026-03-02,AED,3.704,Low
2026-03-03,AED,3.7015,Low
2026-03-04,AED,3.7098,Low
2026-03-05,AED,3.7135,Low
2026-03-06,AED,3.7123,Low
2026-03-07,AED,3.703,Low
2026-03-08,AED,3.7115,Low
2026-03-09,AED,3.7063,Low
2026-03-10,AED,3.7002,Low
2026-03-11,AED,3.704,Low
2026-03-12,AED,3.713,Low
2026-03-13,AED,3.7182,Low
2026-03-14,AED,3.7203,Low
2026-03-15,AED,3.7225,Low
2026-03-16,AED,3.7257,Low
2026-03-17,AED,3.7285,Low
2026-03-18,AED,3.7295,Low
2026-03-19,AED,3.7299,Low
2026-03-20,AED,3.7297,Low
2026-03-21,AED,3.7269,Low
2026-03-22,AED,3.7258,Low
2026-03-23,AED,3.7195,Low
2026-03-24,AED,3.7192,Low
2026-03-25,AED,3.7155,Low
2026-03-26,AED,3.7114,Low
2026-03-27,AED,3.712,Low
2026-03-28,AED,3.7172,Low
2026-03-29,AED,3.7206,Low
2026-03-30,AED,3.7148,Low
2026-03-31,AED,3.7111,Low
2026-04-01,AED,3.7146,Low
2026-04-02,AED,3.711,Low
2026-04-03,AED,3.7101,Low
2026-04-04,AED,3.7122,Low
2026-04-05,AED,3.7086,Low
2026-04-06,AED,3.709,Low
2026-04-07,AED,3.704,Low
2026-04-08,AED,3.7018,Low
2026-04-09,AED,3.703,Low
2026-04-10,AED,3.6971,Low
2026-04-11,AED,3.6987,Low
2026-04-12,AED,3.6986,Low
2026-04-13,AED,3.7007,Low
2026-04-14,AED,3.7015,Low
2026-04-15,AED,3.7065,Low
2026-04-16,AED,3.707,Low
2026-04-17,AED,3.7054,Low
2026-04-18,AED,3.7059,Low
2026-04-19,AED,3.7079,Low
2026-04-20,AED,3.7081,Low
2026-04-21,AED,3.7082,Low
2026-04-22,AED,3.7056,Low
2026-04-23,AED,3.7032,Low
2026-04-24,AED,3.698,Low
2026-04-25,AED,3.7044,Low
2026-04-26,AED,3.6998,Low
2026-04-27,AED,3.6973,Low
2026-04-28,AED,3.6946,Low
2026-04-29,AED,3.6979,Low
2026-04-30,AED,3.6968,Low
2026-05-01,AED,3.7014,Low
2026-05-02,AED,3.6989,Low
2026-05-03,AED,3.7,Low
2026-05-04,AED,3.6969,Low
2026-05-05,AED,3.7048,Low
2026-05-06,AED,3.7004,Low
2026-05-07,AED,3.7016,Low
2026-05-08,AED,3.7039,Low
2026-05-09,AED,3.7054,Low
2026-05-10,AED,3.7047,Low
2026-05-11,AED,3.7043,Low
2026-05-12,AED,3.7044,Low
2026-05-13,AED,3.7039,Low
2026-05-14,AED,3.7075,Low
2026-05-15,AED,3.7156,Low
2026-05-16,AED,3.7136,Low
2026-05-17,AED,3.7085,Low
2026-05-18,AED,3.7082,Low
2026-05-19,AED,3.7177,Low
2026-05-20,AED,3.7147,Low
2026-05-21,AED,3.7208,Low
2026-05-22,AED,3.7271,Low
2026-05-23,AED,3.725,Low
2026-05-24,AED,3.7271,Low
2026-05-25,AED,3.7332,Low
2026-05-26,AED,3.7318,Low
2026-05-27,AED,3.731,Low
2026-05-28,AED,3.7289,Low
2026-05-29,AED,3.7251,Low
2026-05-30,AED,3.7227,Low
2026-05-31,AED,3.7181,Low
2026-06-01,AED,3.7182,Low
2026-06-02,AED,3.7154,Low
2026-06-03,AED,3.7162,Low
2026-06-04,AED,3.7104,Low
2026-06-05,AED,3.7117,Low
2026-06-06,AED,3.7148,Low
2026-06-07,AED,3.7074,Low
2026-06-08,AED,3.7087,Low
2026-06-09,AED,3.7133,Low
2026-06-10,AED,3.7088,Low
2026-06-11,AED,3.715,Low
2026-06-12,AED,3.7166,Low
2026-06-13,AED,3.7139,Low
2026-06-14,AED,3.7137,Low
2026-06-15,AED,3.7158,Low
2026-06-16,AED,3.7161,Low
2026-06-17,AED,3.7181,Low
2026-06-18,AED,3.7147,Low
2026-06-19,AED,3.7153,Low
2026-06-20,AED,3.7101,Low
2026-06-21,AED,3.7096,Low
2026-06-22,AED,3.7063,Low
2026-06-23,AED,3.7036,Low
2026-06-24,AED,3.7081,Low
2026-06-25,AED,3.7122,Low
2026-06-26,AED,3.7144,Low
2026-06-27,AED,3.7104,Low
2026-06-28,AED,3.7092,Low
2026-06-29,AED,3.7137,Low
2026-06-30,AED,3.7142,Low
2026-07-01,AED,3.7229,Low
2026-07-02,AED,3.7243,Low
2026-07-03,AED,3.725,Low
2026-07-04,AED,3.7239,Low
2026-07-05,AED,3.7244,Low
2026-07-06,AED,3.7238,Low
2026-07-07,AED,3.7264,Low
2026-07-08,AED,3.73,Low
2026-07-09,AED,3.7271,Low
2026-07-10,AED,3.7221,Low
2026-07-11,AED,3.7153,Low
2026-07-12,AED,3.7172,Low
2026-07-13,AED,3.7131,Low
2026-07-14,AED,3.7051,Low
2026-07-15,AED,3.7065,Low
2026-07-16,AED,3.7158,Low
2026-07-17,AED,3.7157,Low
2026-07-18,AED,3.7189,Low
2026-07-19,AED,3.7192,Low
2026-07-20,AED,3.7188,Low
2026-07-21,AED,3.7222,Low
2026-07-22,AED,3.7211,Low
2026-07-23,AED,3.7221,Low
2026-07-24,AED,3.7233,Low
2026-07-25,AED,3.7208,Low
2026-07-26,AED,3.7245,Low
2026-07-27,AED,3.7239,Low
2026-07-28,AED,3.7211,Low
2026-07-29,AED,3.7231,Low
2026-07-30,AED,3.7197,Low
2026-07-31,AED,3.7198,Low
2026-08-01,AED,3.7198,Low
2026-08-02,AED,3.7238,Low
2026-08-03,AED,3.7256,Low
2026-08-04,AED,3.7255,Low
2026-08-05,AED,3.7285,Low
2026-08-06,AED,3.7337,Low
2026-08-07,AED,3.7358,Low
2026-08-08,AED,3.7358,Low
2026-08-09,AED,3.7309,Low
2026-08-10,AED,3.727,Low
2026-08-11,AED,3.7258,Low
2026-08-12,AED,3.7236,Low
2026-08-13,AED,3.7229,Low
2026-08-14,AED,3.7231,Low
2026-08-15,AED,3.725,Low
2026-08-16,AED,3.7248,Low
2026-08-17,AED,3.7266,Low
2026-08-18,AED,3.7268,Low
2026-08-19,AED,3.7195,Low
2026-08-20,AED,3.716,Low
2026-08-21,AED,3.7154,Low
2026-08-22,AED,3.711,Low
2026-08-23,AED,3.7132,Low
2026-08-24,AED,3.7189,Low
2026-08-25,AED,3.7234,Low
2026-08-26,AED,3.7226,Low
2026-08-27,AED,3.7281,Low
2026-08-28,AED,3.7287,Low
2026-08-29,AED,3.7274,Low
2026-08-30,AED,3.7252,Low
2026-08-31,AED,3.724,Low
2026-09-01,AED,3.7226,Low
2026-09-02,AED,3.7232,Low
2026-09-03,AED,3.7238,Low
2026-09-04,AED,3.7238,Low
2026-09-05,AED,3.7255,Low
2026-09-06,AED,3.7299,Low
2026-09-07,AED,3.7334,Low
2026-09-08,AED,3.7279,Low
2026-09-09,AED,3.7184,Low
2026-09-10,AED,3.7218,Low
2026-09-11,AED,3.7168,Low
2026-09-12,AED,3.7159,Low
2026-09-13,AED,3.7116,Low
2026-09-14,AED,3.7049,Low
2026-09-15,AED,3.7069,Low
2026-09-16,AED,3.7097,Low
2026-09-17,AED,3.7076,Low
2026-09-18,AED,3.698,Low
2026-09-19,AED,3.6959,Low
2026-09-20,AED,3.6974,Low
2026-09-21,AED,3.6919,Low
2026-09-22,AED,3.6926,Low
2026-09-23,AED,3.6925,Low
2026-09-24,AED,3.6947,Low
2026-09-25,AED,3.6951,Low
2026-09-26,AED,3.6915,Low
2026-09-27,AED,3.6959,Low
2026-09-28,AED,3.6954,Low
2026-09-29,AED,3.6953,Low
2026-09-30,AED,3.6918,Low
2026-10-01,AED,3.6902,Low
2026-10-02,AED,3.6869,Low
2026-10-03,AED,3.6863,Low
2026-10-04,AED,3.6926,Low
2026-10-05,AED,3.6875,Low
2026-10-06,AED,3.6816,Low
2026-10-07,AED,3.687,Low
2026-10-08,AED,3.6862,Low
2026-10-09,AED,3.6837,Low
2026-10-10,AED,3.6876,Low
2026-10-11,AED,3.6853,Low
2026-10-12,AED,3.6921,Low
2026-10-13,AED,3.6946,Low
2026-10-14,AED,3.6928,Low
2026-10-15,AED,3.7007,Low
2026-10-16,AED,3.6985,Low
2026-10-17,AED,3.7012,Low
2026-10-18,AED,3.7023,Low
2026-10-19,AED,3.7072,Low
2026-10-20,AED,3.713,Low
2026-10-21,AED,3.7131,Low
2026-10-22,AED,3.7103,Low
2026-10-23,AED,3.712,Low
2026-10-24,AED,3.7095,Low
2026-10-25,AED,3.7169,Low
2026-10-26,AED,3.7174,Low
2026-10-27,AED,3.7161,Low
2026-10-28,AED,3.7168,Low
2026-10-29,AED,3.7118,Low
2026-10-30,AED,3.7082,Low
2026-10-31,AED,3.7126,Low
2026-11-01,AED,3.7102,Low
2026-11-02,AED,3.7063,Low
2026-11-03,AED,3.7083,Low
2026-11-04,AED,3.7127,Low
2026-11-05,AED,3.7153,Low
2026-11-06,AED,3.719,Low
2026-11-07,AED,3.7162,Low
2026-11-08,AED,3.7109,Low
2026-11-09,AED,3.7165,Low
2026-11-10,AED,3.7153,Low
2026-11-11,AED,3.7144,Low
2026-11-12,AED,3.7193,Low
2026-11-13,AED,3.7214,Low
2026-11-14,AED,3.7231,Low
2026-11-15,AED,3.7311,Low
2026-11-16,AED,3.7287,Low
2026-11-17,AED,3.7322,Low
2026-11-18,AED,3.7324,Low
2026-11-19,AED,3.7334,Low
2026-11-20,AED,3.7391,Low
2026-11-21,AED,3.741,Low
2026-11-22,AED,3.743,Low
2026-11-23,AED,3.747,Low
2026-11-24,AED,3.7457,Low
2026-11-25,AED,3.7425,Low
2026-11-26,AED,3.7386,Low
2026-11-27,AED,3.7313,Low
2026-11-28,AED,3.7389,Low
2026-11-29,AED,3.7348,Low
2026-11-30,AED,3.734,Low
2026-12-01,AED,3.733,Low
2026-12-02,AED,3.7341,Low
2026-12-03,AED,3.7372,Low
2026-12-04,AED,3.7404,Low
2026-12-05,AED,3.7382,Low
2026-12-06,AED,3.7376,Low
2026-12-07,AED,3.7386,Low
2026-12-08,AED,3.7377,Low
2026-12-09,AED,3.7437,Low
2026-12-10,AED,3.7455,Low
2026-12-11,AED,3.7483,Low
2026-12-12,AED,3.7508,Low
2026-12-13,AED,3.7552,Low
2026-12-14,AED,3.7559,Low
2026-12-15,AED,3.751,Low
2026-12-16,AED,3.7525,Low
2026-12-17,AED,3.75,Low
2026-12-18,AED,3.7481,Low
2026-12-19,AED,3.7503,Low
2026-12-20,AED,3.7549,Low
2026-12-21,AED,3.755,Low
2026-12-22,AED,3.7561,Low
2026-12-23,AED,3.7625,Low
2026-12-24,AED,3.7634,Low
2026-12-25,AED,3.7732,Low
2026-12-26,AED,3.7754,Low
2026-12-27,AED,3.7687,Low
2026-12-28,AED,3.7716,Low
2026-12-29,AED,3.773,Low
2026-12-30,AED,3.7779,Low
2026-12-31,AED,3.7804,Low
2026-01-01,SAR,3.7495,Low
2026-01-02,SAR,3.7449,Low
2026-01-03,SAR,3.7441,Low
2026-01-04,SAR,3.7409,Low
2026-01-05,SAR,3.7388,Low
2026-01-06,SAR,3.741,Low
2026-01-07,SAR,3.7472,Low
2026-01-08,SAR,3.7487,Low
2026-01-09,SAR,3.7442,Low
2026-01-10,SAR,3.7459,Low
2026-01-11,SAR,3.7503,Low
2026-01-12,SAR,3.7481,Low
2026-01-13,SAR,3.7476,Low
2026-01-14,SAR,3.7476,Low
2026-01-15,SAR,3.7447,Low
2026-01-16,SAR,3.7471,Low
2026-01-17,SAR,3.7466,Low
2026-01-18,SAR,3.7482,Low
2026-01-19,SAR,3.7449,Low
2026-01-20,SAR,3.7432,Low
2026-01-21,SAR,3.746,Low
2026-01-22,SAR,3.7446,Low
2026-01-23,SAR,3.751,Low
2026-01-24,SAR,3.7495,Low
2026-01-25,SAR,3.7504,Low
2026-01-26,SAR,3.7539,Low
2026-01-27,SAR,3.7485,Low
2026-01-28,SAR,3.7419,Low
2026-01-29,SAR,3.7362,Low
2026-01-30,SAR,3.7409,Low
2026-01-31,SAR,3.7389,Low
2026-02-01,SAR,3.7484,Low
2026-02-02,SAR,3.7463,Low
2026-02-03,SAR,3.747,Low
2026-02-04,SAR,3.7528,Low
2026-02-05,SAR,3.7603,Low
2026-02-06,SAR,3.7681,Low
2026-02-07,SAR,3.7726,Low
2026-02-08,SAR,3.7765,Low
2026-02-09,SAR,3.7787,Low
2026-02-10,SAR,3.7817,Low
2026-02-11,SAR,3.7796,Low
2026-02-12,SAR,3.7765,Low
2026-02-13,SAR,3.7765,Low
2026-02-14,SAR,3.7758,Low
2026-02-15,SAR,3.7741,Low
2026-02-16,SAR,3.7768,Low
2026-02-17,SAR,3.7804,Low
2026-02-18,SAR,3.7807,Low
2026-02-19,SAR,3.7863,Low
2026-02-20,SAR,3.782,Low
2026-02-21,SAR,3.7812,Low
2026-02-22,SAR,3.7785,Low
2026-02-23,SAR,3.7715,Low
2026-02-24,SAR,3.7712,Low
2026-02-25,SAR,3.7707,Low
2026-02-26,SAR,3.7764,Low
2026-02-27,SAR,3.7788,Low
2026-02-28,SAR,3.7749,Low
2026-03-01,SAR,3.7819,Low
2026-03-02,SAR,3.7865,Low
2026-03-03,SAR,3.7887,Low
2026-03-04,SAR,3.7879,Low
2026-03-05,SAR,3.7842,Low
2026-03-06,SAR,3.7828,Low
2026-03-07,SAR,3.787,Low
2026-03-08,SAR,3.7941,Low
2026-03-09,SAR,3.8,Low
2026-03-10,SAR,3.7981,Low
2026-03-11,SAR,3.7938,Low
2026-03-12,SAR,3.7944,Low
2026-03-13,SAR,3.7877,Low
2026-03-14,SAR,3.7889,Low
2026-03-15,SAR,3.7883,Low
2026-03-16,SAR,3.7866,Low
2026-03-17,SAR,3.7805,Low
2026-03-18,SAR,3.7825,Low
2026-03-19,SAR,3.7805,Low
2026-03-20,SAR,3.776,Low
2026-03-21,SAR,3.7652,Low
2026-03-22,SAR,3.7651,Low
2026-03-23,SAR,3.7718,Low
2026-03-24,SAR,3.778,Low
2026-03-25,SAR,3.7763,Low
2026-03-26,SAR,3.774,Low
2026-03-27,SAR,3.7758,Low
2026-03-28,SAR,3.772,Low
2026-03-29,SAR,3.7732,Low
2026-03-30,SAR,3.776,Low
2026-03-31,SAR,3.7807,Low
2026-04-01,SAR,3.7803,Low
2026-04-02,SAR,3.7795,Low
2026-04-03,SAR,3.7762,Low
2026-04-04,SAR,3.7731,Low
2026-04-05,SAR,3.7722,Low
2026-04-06,SAR,3.7736,Low
2026-04-07,SAR,3.7771,Low
2026-04-08,SAR,3.774,Low
2026-04-09,SAR,3.7797,Low
2026-04-10,SAR,3.7786,Low
2026-04-11,SAR,3.7786,Low
2026-04-12,SAR,3.7757,Low
2026-04-13,SAR,3.7666,Low
2026-04-14,SAR,3.7699,Low
2026-04-15,SAR,3.7727,Low
2026-04-16,SAR,3.7716,Low
2026-04-17,SAR,3.7719,Low
2026-04-18,SAR,3.7738,Low
2026-04-19,SAR,3.7679,Low
2026-04-20,SAR,3.7659,Low
2026-04-21,SAR,3.7689,Low
2026-04-22,SAR,3.7642,Low
2026-04-23,SAR,3.7653,Low
2026-04-24,SAR,3.7602,Low
2026-04-25,SAR,3.762,Low
2026-04-26,SAR,3.7618,Low
2026-04-27,SAR,3.7557,Low
2026-04-28,SAR,3.7601,Low
2026-04-29,SAR,3.7574,Low
2026-04-30,SAR,3.7543,Low
2026-05-01,SAR,3.7551,Low
2026-05-02,SAR,3.7594,Low
2026-05-03,SAR,3.7556,Low
2026-05-04,SAR,3.7558,Low
2026-05-05,SAR,3.7574,Low
2026-05-06,SAR,3.76,Low
2026-05-07,SAR,3.7607,Low
2026-05-08,SAR,3.7593,Low
2026-05-09,SAR,3.7562,Low
2026-05-10,SAR,3.7565,Low
2026-05-11,SAR,3.7525,Low
2026-05-12,SAR,3.7415,Low
2026-05-13,SAR,3.7431,Low
2026-05-14,SAR,3.7465,Low
2026-05-15,SAR,3.7377,Low
2026-05-16,SAR,3.7339,Low
2026-05-17,SAR,3.7362,Low
2026-05-18,SAR,3.7439,Low
2026-05-19,SAR,3.744,Low
2026-05-20,SAR,3.7413,Low
2026-05-21,SAR,3.7406,Low
2026-05-22,SAR,3.7457,Low
2026-05-23,SAR,3.7433,Low
2026-05-24,SAR,3.7403,Low
2026-05-25,SAR,3.7385,Low
2026-05-26,SAR,3.7349,Low
2026-05-27,SAR,3.7354,Low
2026-05-28,SAR,3.7415,Low
2026-05-29,SAR,3.7427,Low
2026-05-30,SAR,3.7417,Low
2026-05-31,SAR,3.7406,Low
2026-06-01,SAR,3.7348,Low
2026-06-02,SAR,3.7381,Low
2026-06-03,SAR,3.7378,Low
2026-06-04,SAR,3.7371,Low
2026-06-05,SAR,3.7491,Low
2026-06-06,SAR,3.7502,Low
2026-06-07,SAR,3.7474,Low
2026-06-08,SAR,3.7458,Low
2026-06-09,SAR,3.7501,Low
2026-06-10,SAR,3.7505,Low
2026-06-11,SAR,3.7451,Low
2026-06-12,SAR,3.7485,Low
2026-06-13,SAR,3.746,Low
2026-06-14,SAR,3.753,Low
2026-06-15,SAR,3.7571,Low
2026-06-16,SAR,3.7554,Low
2026-06-17,SAR,3.7602,Low
2026-06-18,SAR,3.7605,Low
2026-06-19,SAR,3.7637,Low
2026-06-20,SAR,3.7655,Low
2026-06-21,SAR,3.7623,Low
2026-06-22,SAR,3.7599,Low
2026-06-23,SAR,3.7638,Low
2026-06-24,SAR,3.7625,Low
2026-06-25,SAR,3.761,Low
2026-06-26,SAR,3.7574,Low
2026-06-27,SAR,3.759,Low
2026-06-28,SAR,3.7667,Low
2026-06-29,SAR,3.7627,Low
2026-06-30,SAR,3.7628,Low
2026-07-01,SAR,3.7681,Low
2026-07-02,SAR,3.7678,Low
2026-07-03,SAR,3.7695,Low
2026-07-04,SAR,3.7655,Low
2026-07-05,SAR,3.7671,Low
2026-07-06,SAR,3.7664,Low
2026-07-07,SAR,3.7702,Low
2026-07-08,SAR,3.7746,Low
2026-07-09,SAR,3.7844,Low
2026-07-10,SAR,3.7866,Low
2026-07-11,SAR,3.7878,Low
2026-07-12,SAR,3.7886,Low
2026-07-13,SAR,3.7872,Low
2026-07-14,SAR,3.7885,Low
2026-07-15,SAR,3.7874,Low
2026-07-16,SAR,3.788,Low
2026-07-17,SAR,3.793,Low
2026-07-18,SAR,3.7892,Low
2026-07-19,SAR,3.7935,Low
2026-07-20,SAR,3.7985,Low
2026-07-21,SAR,3.7981,Low
2026-07-22,SAR,3.79,Low
2026-07-23,SAR,3.7877,Low
2026-07-24,SAR,3.7926,Low
2026-07-25,SAR,3.7925,Low
2026-07-26,SAR,3.7887,Low
2026-07-27,SAR,3.7868,Low
2026-07-28,SAR,3.79,Low
2026-07-29,SAR,3.7921,Low
2026-07-30,SAR,3.7912,Low
2026-07-31,SAR,3.7898,Low
2026-08-01,SAR,3.7883,Low
2026-08-02,SAR,3.7848,Low
2026-08-03,SAR,3.7909,Low
2026-08-04,SAR,3.7897,Low
2026-08-05,SAR,3.7943,Low
2026-08-06,SAR,3.8001,Low
2026-08-07,SAR,3.8039,Low
2026-08-08,SAR,3.8022,Low
2026-08-09,SAR,3.8038,Low
2026-08-10,SAR,3.8037,Low
2026-08-11,SAR,3.8002,Low
2026-08-12,SAR,3.8015,Low
2026-08-13,SAR,3.797,Low
2026-08-14,SAR,3.8015,Low
2026-08-15,SAR,3.7997,Low
2026-08-16,SAR,3.8005,Low
2026-08-17,SAR,3.8016,Low
2026-08-18,SAR,3.8006,Low
2026-08-19,SAR,3.8028,Low
2026-08-20,SAR,3.801,Low
2026-08-21,SAR,3.8043,Low
2026-08-22,SAR,3.7992,Low
2026-08-23,SAR,3.7997,Low
2026-08-24,SAR,3.8071,Low
2026-08-25,SAR,3.8033,Low
2026-08-26,SAR,3.8007,Low
2026-08-27,SAR,3.8026,Low
2026-08-28,SAR,3.8033,Low
2026-08-29,SAR,3.8046,Low
2026-08-30,SAR,3.8065,Low
2026-08-31,SAR,3.8089,Low
2026-09-01,SAR,3.8131,Low
2026-09-02,SAR,3.8147,Low
2026-09-03,SAR,3.8138,Low
2026-09-04,SAR,3.8164,Low
2026-09-05,SAR,3.8236,Low
2026-09-06,SAR,3.8231,Low
2026-09-07,SAR,3.8194,Low
2026-09-08,SAR,3.8236,Low
2026-09-09,SAR,3.8231,Low
2026-09-10,SAR,3.8148,Low
2026-09-11,SAR,3.8181,Low
2026-09-12,SAR,3.816,Low
2026-09-13,SAR,3.8157,Low
2026-09-14,SAR,3.8169,Low
2026-09-15,SAR,3.8177,Low
2026-09-16,SAR,3.8204,Low
2026-09-17,SAR,3.8187,Low
2026-09-18,SAR,3.8207,Low
2026-09-19,SAR,3.8197,Low
2026-09-20,SAR,3.8225,Low
2026-09-21,SAR,3.8249,Low
2026-09-22,SAR,3.8213,Low
2026-09-23,SAR,3.8254,Low
2026-09-24,SAR,3.8234,Low
2026-09-25,SAR,3.8265,Low
2026-09-26,SAR,3.8279,Low
2026-09-27,SAR,3.8349,Low
2026-09-28,SAR,3.8341,Low
2026-09-29,SAR,3.8327,Low
2026-09-30,SAR,3.8326,Low
2026-10-01,SAR,3.8315,Low
2026-10-02,SAR,3.8345,Low
2026-10-03,SAR,3.8283,Low
2026-10-04,SAR,3.8243,Low
2026-10-05,SAR,3.8202,Low
2026-10-06,SAR,3.8239,Low
2026-10-07,SAR,3.8304,Low
2026-10-08,SAR,3.83,Low
2026-10-09,SAR,3.8294,Low
2026-10-10,SAR,3.8296,Low
2026-10-11,SAR,3.8341,Low
2026-10-12,SAR,3.8305,Low
2026-10-13,SAR,3.8314,Low
2026-10-14,SAR,3.8352,Low
2026-10-15,SAR,3.8371,Low
2026-10-16,SAR,3.8378,Low
2026-10-17,SAR,3.8417,Low
2026-10-18,SAR,3.8313,Low
2026-10-19,SAR,3.8339,Low
2026-10-20,SAR,3.8314,Low
2026-10-21,SAR,3.8243,Low
2026-10-22,SAR,3.8263,Low
2026-10-23,SAR,3.8316,Low
2026-10-24,SAR,3.831,Low
2026-10-25,SAR,3.8347,Low
2026-10-26,SAR,3.8409,Low
2026-10-27,SAR,3.8459,Low
2026-10-28,SAR,3.8522,Low
2026-10-29,SAR,3.8551,Low
2026-10-30,SAR,3.8554,Low
2026-10-31,SAR,3.8492,Low
2026-11-01,SAR,3.8482,Low
2026-11-02,SAR,3.845,Low
2026-11-03,SAR,3.8533,Low
2026-11-04,SAR,3.8527,Low
2026-11-05,SAR,3.8531,Low
2026-11-06,SAR,3.8553,Low
2026-11-07,SAR,3.8554,Low
2026-11-08,SAR,3.862,Low
2026-11-09,SAR,3.8596,Low
2026-11-10,SAR,3.8603,Low
2026-11-11,SAR,3.8575,Low
2026-11-12,SAR,3.8524,Low
2026-11-13,SAR,3.85,Low
2026-11-14,SAR,3.8499,Low
2026-11-15,SAR,3.8482,Low
2026-11-16,SAR,3.8455,Low
2026-11-17,SAR,3.8401,Low
2026-11-18,SAR,3.8398,Low
2026-11-19,SAR,3.834,Low
2026-11-20,SAR,3.837,Low
2026-11-21,SAR,3.8373,Low
2026-11-22,SAR,3.8317,Low
2026-11-23,SAR,3.8305,Low
2026-11-24,SAR,3.8276,Low
2026-11-25,SAR,3.8288,Low
2026-11-26,SAR,3.834,Low
2026-11-27,SAR,3.8268,Low
2026-11-28,SAR,3.8272,Low
2026-11-29,SAR,3.8266,Low
2026-11-30,SAR,3.8292,Low
2026-12-01,SAR,3.83,Low
2026-12-02,SAR,3.8271,Low
2026-12-03,SAR,3.8259,Low
2026-12-04,SAR,3.8228,Low
2026-12-05,SAR,3.827,Low
2026-12-06,SAR,3.827,Low
2026-12-07,SAR,3.8343,Low
2026-12-08,SAR,3.8341,Low
2026-12-09,SAR,3.8314,Low
2026-12-10,SAR,3.8256,Low
2026-12-11,SAR,3.8187,Low
2026-12-12,SAR,3.8126,Low
2026-12-13,SAR,3.8136,Low
2026-12-14,SAR,3.8156,Low
2026-12-15,SAR,3.8095,Low
2026-12-16,SAR,3.813,Low
2026-12-17,SAR,3.8111,Low
2026-12-18,SAR,3.8117,Low
2026-12-19,SAR,3.8178,Low
2026-12-20,SAR,3.8212,Low
2026-12-21,SAR,3.8202,Low
2026-12-22,SAR,3.8168,Low
2026-12-23,SAR,3.8086,Low
2026-12-24,SAR,3.8059,Low
2026-12-25,SAR,3.8051,Low
2026-12-26,SAR,3.8013,Low
2026-12-27,SAR,3.8008,Low
2026-12-28,SAR,3.8011,Low
2026-12-29,SAR,3.8002,Low
2026-12-30,SAR,3.7978,Low
2026-12-31,SAR,3.7984,Low
2026-01-01,QAR,3.6416,Low
2026-01-02,QAR,3.6376,Low
2026-01-03,QAR,3.6428,Low
2026-01-04,QAR,3.6424,Low
2026-01-05,QAR,3.6425,Low
2026-01-06,QAR,3.6451,Low
2026-01-07,QAR,3.6459,Low
2026-01-08,QAR,3.6494,Low
2026-01-09,QAR,3.6504,Low
2026-01-10,QAR,3.6482,Low
2026-01-11,QAR,3.6495,Low
2026-01-12,QAR,3.6453,Low
2026-01-13,QAR,3.6457,Low
2026-01-14,QAR,3.6456,Low
2026-01-15,QAR,3.6449,Low
2026-01-16,QAR,3.6444,Low
2026-01-17,QAR,3.6375,Low
2026-01-18,QAR,3.6355,Low
2026-01-19,QAR,3.6359,Low
2026-01-20,QAR,3.6365,Low
2026-01-21,QAR,3.6327,Low
2026-01-22,QAR,3.6373,Low
2026-01-23,QAR,3.6342,Low
2026-01-24,QAR,3.6377,Low
2026-01-25,QAR,3.6392,Low
2026-01-26,QAR,3.6369,Low
2026-01-27,QAR,3.6433,Low
2026-01-28,QAR,3.639,Low
2026-01-29,QAR,3.6423,Low
2026-01-30,QAR,3.646,Low
2026-01-31,QAR,3.6435,Low
2026-02-01,QAR,3.6486,Low
2026-02-02,QAR,3.6477,Low
2026-02-03,QAR,3.6488,Low
2026-02-04,QAR,3.6497,Low
2026-02-05,QAR,3.6492,Low
2026-02-06,QAR,3.6522,Low
2026-02-07,QAR,3.6551,Low
2026-02-08,QAR,3.6487,Low
2026-02-09,QAR,3.6534,Low
2026-02-10,QAR,3.6474,Low
2026-02-11,QAR,3.6511,Low
2026-02-12,QAR,3.6552,Low
2026-02-13,QAR,3.6513,Low
2026-02-14,QAR,3.6498,Low
2026-02-15,QAR,3.6457,Low
2026-02-16,QAR,3.6449,Low
2026-02-17,QAR,3.6438,Low
2026-02-18,QAR,3.6467,Low
2026-02-19,QAR,3.6514,Low
2026-02-20,QAR,3.6565,Low
2026-02-21,QAR,3.6545,Low
2026-02-22,QAR,3.6537,Low
2026-02-23,QAR,3.6476,Low
2026-02-24,QAR,3.6446,Low
2026-02-25,QAR,3.6481,Low
2026-02-26,QAR,3.654,Low
2026-02-27,QAR,3.6495,Low
2026-02-28,QAR,3.6474,Low
2026-03-01,QAR,3.6473,Low
2026-03-02,QAR,3.6483,Low
2026-03-03,QAR,3.6453,Low
2026-03-04,QAR,3.6469,Low
2026-03-05,QAR,3.6451,Low
2026-03-06,QAR,3.6451,Low
2026-03-07,QAR,3.6471,Low
2026-03-08,QAR,3.6471,Low
2026-03-09,QAR,3.6455,Low
2026-03-10,QAR,3.6451,Low
2026-03-11,QAR,3.6448,Low
2026-03-12,QAR,3.6434,Low
2026-03-13,QAR,3.6425,Low
2026-03-14,QAR,3.6483,Low
2026-03-15,QAR,3.6504,Low
2026-03-16,QAR,3.6493,Low
2026-03-17,QAR,3.6518,Low
2026-03-18,QAR,3.6506,Low
2026-03-19,QAR,3.6549,Low
2026-03-20,QAR,3.6563,Low
2026-03-21,QAR,3.6559,Low
2026-03-22,QAR,3.6575,Low
2026-03-23,QAR,3.6518,Low
2026-03-24,QAR,3.6476,Low
2026-03-25,QAR,3.6433,Low
2026-03-26,QAR,3.6438,Low
2026-03-27,QAR,3.6501,Low
2026-03-28,QAR,3.6583,Low
2026-03-29,QAR,3.6606,Low
2026-03-30,QAR,3.6624,Low
2026-03-31,QAR,3.6558,Low
2026-04-01,QAR,3.6538,Low
2026-04-02,QAR,3.651,Low
2026-04-03,QAR,3.6487,Low
2026-04-04,QAR,3.6481,Low
2026-04-05,QAR,3.6464,Low
2026-04-06,QAR,3.6392,Low
2026-04-07,QAR,3.6419,Low
2026-04-08,QAR,3.638,Low
2026-04-09,QAR,3.6388,Low
2026-04-10,QAR,3.6464,Low
2026-04-11,QAR,3.643,Low
2026-04-12,QAR,3.6338,Low
2026-04-13,QAR,3.6328,Low
2026-04-14,QAR,3.6368,Low
2026-04-15,QAR,3.6439,Low
2026-04-16,QAR,3.6394,Low
2026-04-17,QAR,3.6412,Low
2026-04-18,QAR,3.6395,Low
2026-04-19,QAR,3.6391,Low
2026-04-20,QAR,3.6488,Low
2026-04-21,QAR,3.6433,Low
2026-04-22,QAR,3.6442,Low
2026-04-23,QAR,3.6459,Low
2026-04-24,QAR,3.6499,Low
2026-04-25,QAR,3.6502,Low
2026-04-26,QAR,3.6514,Low
2026-04-27,QAR,3.6499,Low
2026-04-28,QAR,3.6509,Low
2026-04-29,QAR,3.6497,Low
2026-04-30,QAR,3.6519,Low
2026-05-01,QAR,3.6506,Low
2026-05-02,QAR,3.6519,Low
2026-05-03,QAR,3.6518,Low
2026-05-04,QAR,3.656,Low
2026-05-05,QAR,3.6558,Low
2026-05-06,QAR,3.6493,Low
2026-05-07,QAR,3.6539,Low
2026-05-08,QAR,3.6506,Low
2026-05-09,QAR,3.6482,Low
2026-05-10,QAR,3.646,Low
2026-05-11,QAR,3.651,Low
2026-05-12,QAR,3.6432,Low
2026-05-13,QAR,3.6547,Low
2026-05-14,QAR,3.6585,Low
2026-05-15,QAR,3.6593,Low
2026-05-16,QAR,3.6591,Low
2026-05-17,QAR,3.6602,Low
2026-05-18,QAR,3.6621,Low
2026-05-19,QAR,3.6645,Low
2026-05-20,QAR,3.6665,Low
2026-05-21,QAR,3.6668,Low
2026-05-22,QAR,3.6661,Low
2026-05-23,QAR,3.6655,Low
2026-05-24,QAR,3.6648,Low
2026-05-25,QAR,3.669,Low
2026-05-26,QAR,3.6712,Low
2026-05-27,QAR,3.6604,Low
2026-05-28,QAR,3.6628,Low
2026-05-29,QAR,3.6635,Low
2026-05-30,QAR,3.6634,Low
2026-05-31,QAR,3.662,Low
2026-06-01,QAR,3.6661,Low
2026-06-02,QAR,3.6696,Low
2026-06-03,QAR,3.6667,Low
2026-06-04,QAR,3.6682,Low
2026-06-05,QAR,3.6647,Low
2026-06-06,QAR,3.6596,Low
2026-06-07,QAR,3.6573,Low
2026-06-08,QAR,3.6605,Low
2026-06-09,QAR,3.664,Low
2026-06-10,QAR,3.6658,Low
2026-06-11,QAR,3.6685,Low
2026-06-12,QAR,3.6704,Low
2026-06-13,QAR,3.668,Low
2026-06-14,QAR,3.6696,Low
2026-06-15,QAR,3.6726,Low
2026-06-16,QAR,3.6753,Low
2026-06-17,QAR,3.6797,Low
2026-06-18,QAR,3.6823,Low
2026-06-19,QAR,3.6836,Low
2026-06-20,QAR,3.6875,Low
2026-06-21,QAR,3.6874,Low
2026-06-22,QAR,3.6842,Low
2026-06-23,QAR,3.6836,Low
2026-06-24,QAR,3.6808,Low
2026-06-25,QAR,3.6784,Low
2026-06-26,QAR,3.6778,Low
2026-06-27,QAR,3.6749,Low
2026-06-28,QAR,3.6738,Low
2026-06-29,QAR,3.6668,Low
2026-06-30,QAR,3.6676,Low
2026-07-01,QAR,3.6676,Low
2026-07-02,QAR,3.6646,Low
2026-07-03,QAR,3.667,Low
2026-07-04,QAR,3.6705,Low
2026-07-05,QAR,3.6646,Low
2026-07-06,QAR,3.6618,Low
2026-07-07,QAR,3.659,Low
2026-07-08,QAR,3.6555,Low
2026-07-09,QAR,3.6586,Low
2026-07-10,QAR,3.6578,Low
2026-07-11,QAR,3.6569,Low
2026-07-12,QAR,3.6495,Low
2026-07-13,QAR,3.6519,Low
2026-07-14,QAR,3.6473,Low
2026-07-15,QAR,3.6476,Low
2026-07-16,QAR,3.6486,Low
2026-07-17,QAR,3.6535,Low
2026-07-18,QAR,3.6488,Low
2026-07-19,QAR,3.6377,Low
2026-07-20,QAR,3.6384,Low
2026-07-21,QAR,3.645,Low
2026-07-22,QAR,3.6495,Low
2026-07-23,QAR,3.6502,Low
2026-07-24,QAR,3.6484,Low
2026-07-25,QAR,3.6514,Low
2026-07-26,QAR,3.6478,Low
2026-07-27,QAR,3.6496,Low
2026-07-28,QAR,3.6514,Low
2026-07-29,QAR,3.6553,Low
2026-07-30,QAR,3.6654,Low
2026-07-31,QAR,3.6668,Low
2026-08-01,QAR,3.6649,Low
2026-08-02,QAR,3.6649,Low
2026-08-03,QAR,3.6584,Low
2026-08-04,QAR,3.6558,Low
2026-08-05,QAR,3.6543,Low
2026-08-06,QAR,3.6524,Low
2026-08-07,QAR,3.653,Low
2026-08-08,QAR,3.65,Low
2026-08-09,QAR,3.6541,Low
2026-08-10,QAR,3.6541,Low
2026-08-11,QAR,3.654,Low
2026-08-12,QAR,3.6528,Low
2026-08-13,QAR,3.6534,Low
2026-08-14,QAR,3.6564,Low
2026-08-15,QAR,3.6532,Low
2026-08-16,QAR,3.6508,Low
2026-08-17,QAR,3.6497,Low
2026-08-18,QAR,3.6448,Low
2026-08-19,QAR,3.6418,Low
2026-08-20,QAR,3.6401,Low
2026-08-21,QAR,3.6433,Low
2026-08-22,QAR,3.6442,Low
2026-08-23,QAR,3.6449,Low
2026-08-24,QAR,3.648,Low
2026-08-25,QAR,3.6475,Low
2026-08-26,QAR,3.649,Low
2026-08-27,QAR,3.6486,Low
2026-08-28,QAR,3.6496,Low
2026-08-29,QAR,3.6474,Low
2026-08-30,QAR,3.6385,Low
2026-08-31,QAR,3.638,Low
2026-09-01,QAR,3.6432,Low
2026-09-02,QAR,3.6466,Low
2026-09-03,QAR,3.6501,Low
2026-09-04,QAR,3.6546,Low
2026-09-05,QAR,3.655,Low
2026-09-06,QAR,3.6557,Low
2026-09-07,QAR,3.6534,Low
2026-09-08,QAR,3.6523,Low
2026-09-09,QAR,3.6545,Low
2026-09-10,QAR,3.6589,Low
2026-09-11,QAR,3.6584,Low
2026-09-12,QAR,3.6568,Low
2026-09-13,QAR,3.6568,Low
2026-09-14,QAR,3.659,Low
2026-09-15,QAR,3.6537,Low
2026-09-16,QAR,3.6453,Low
2026-09-17,QAR,3.6433,Low
2026-09-18,QAR,3.6388,Low
2026-09-19,QAR,3.637,Low
2026-09-20,QAR,3.6364,Low
2026-09-21,QAR,3.6348,Low
2026-09-22,QAR,3.6401,Low
2026-09-23,QAR,3.6413,Low
2026-09-24,QAR,3.6424,Low
2026-09-25,QAR,3.6446,Low
2026-09-26,QAR,3.6405,Low
2026-09-27,QAR,3.6443,Low
2026-09-28,QAR,3.644,Low
2026-09-29,QAR,3.6464,Low
2026-09-30,QAR,3.6425,Low
2026-10-01,QAR,3.6369,Low
2026-10-02,QAR,3.6398,Low
2026-10-03,QAR,3.6412,Low
2026-10-04,QAR,3.6379,Low
2026-10-05,QAR,3.6347,Low
2026-10-06,QAR,3.6388,Low
2026-10-07,QAR,3.6345,Low
2026-10-08,QAR,3.6405,Low
2026-10-09,QAR,3.6372,Low
2026-10-10,QAR,3.6395,Low
2026-10-11,QAR,3.6383,Low
2026-10-12,QAR,3.6405,Low
2026-10-13,QAR,3.6385,Low
2026-10-14,QAR,3.638,Low
2026-10-15,QAR,3.6381,Low
2026-10-16,QAR,3.6345,Low
2026-10-17,QAR,3.6371,Low
2026-10-18,QAR,3.6353,Low
2026-10-19,QAR,3.6344,Low
2026-10-20,QAR,3.6308,Low
2026-10-21,QAR,3.6215,Low
2026-10-22,QAR,3.6208,Low
2026-10-23,QAR,3.6296,Low
2026-10-24,QAR,3.6324,Low
2026-10-25,QAR,3.6324,Low
2026-10-26,QAR,3.6314,Low
2026-10-27,QAR,3.6315,Low
2026-10-28,QAR,3.6335,Low
2026-10-29,QAR,3.6292,Low
2026-10-30,QAR,3.6332,Low
2026-10-31,QAR,3.6358,Low
2026-11-01,QAR,3.6384,Low
2026-11-02,QAR,3.64,Low
2026-11-03,QAR,3.6401,Low
2026-11-04,QAR,3.6425,Low
2026-11-05,QAR,3.6447,Low
2026-11-06,QAR,3.6434,Low
2026-11-07,QAR,3.6413,Low
2026-11-08,QAR,3.6417,Low
2026-11-09,QAR,3.6473,Low
2026-11-10,QAR,3.6428,Low
2026-11-11,QAR,3.6375,Low
2026-11-12,QAR,3.6381,Low
2026-11-13,QAR,3.6383,Low
2026-11-14,QAR,3.6389,Low
2026-11-15,QAR,3.6398,Low
2026-11-16,QAR,3.639,Low
2026-11-17,QAR,3.6444,Low
2026-11-18,QAR,3.6385,Low
2026-11-19,QAR,3.6355,Low
2026-11-20,QAR,3.6352,Low
2026-11-21,QAR,3.6292,Low
2026-11-22,QAR,3.6285,Low
2026-11-23,QAR,3.6346,Low
2026-11-24,QAR,3.6346,Low
2026-11-25,QAR,3.6355,Low
2026-11-26,QAR,3.6309,Low
2026-11-27,QAR,3.6287,Low
2026-11-28,QAR,3.6273,Low
2026-11-29,QAR,3.6262,Low
2026-11-30,QAR,3.6308,Low
2026-12-01,QAR,3.6328,Low
2026-12-02,QAR,3.6288,Low
2026-12-03,QAR,3.6297,Low
2026-12-04,QAR,3.6315,Low
2026-12-05,QAR,3.6356,Low
2026-12-06,QAR,3.6414,Low
2026-12-07,QAR,3.6377,Low
2026-12-08,QAR,3.6347,Low
2026-12-09,QAR,3.6302,Low
2026-12-10,QAR,3.6293,Low
2026-12-11,QAR,3.631,Low
2026-12-12,QAR,3.6346,Low
2026-12-13,QAR,3.6343,Low
2026-12-14,QAR,3.6332,Low
2026-12-15,QAR,3.6337,Low
2026-12-16,QAR,3.6307,Low
2026-12-17,QAR,3.6383,Low
2026-12-18,QAR,3.6324,Low
2026-12-19,QAR,3.6331,Low
2026-12-20,QAR,3.6404,Low
2026-12-21,QAR,3.6405,Low
2026-12-22,QAR,3.6398,Low
2026-12-23,QAR,3.6385,Low
2026-12-24,QAR,3.6378,Low
2026-12-25,QAR,3.6428,Low
2026-12-26,QAR,3.6347,Low
2026-12-27,QAR,3.6403,Low
2026-12-28,QAR,3.6351,Low
2026-12-29,QAR,3.6342,Low
2026-12-30,QAR,3.6326,Low
2026-12-31,QAR,3.6347,Low
2026-01-01,SGD,1.3457,Low
2026-01-02,SGD,1.3469,Low
2026-01-03,SGD,1.3524,Low
2026-01-04,SGD,1.3487,Low
2026-01-05,SGD,1.3492,Low
2026-01-06,SGD,1.3474,Low
2026-01-07,SGD,1.3486,Low
2026-01-08,SGD,1.3486,Low
2026-01-09,SGD,1.3469,Low
2026-01-10,SGD,1.3482,Low
2026-01-11,SGD,1.3531,Low
2026-01-12,SGD,1.3526,Low
2026-01-13,SGD,1.3545,Low
2026-01-14,SGD,1.351,Low
2026-01-15,SGD,1.3484,Low
2026-01-16,SGD,1.3497,Low
2026-01-17,SGD,1.3537,Low
2026-01-18,SGD,1.3547,Low
2026-01-19,SGD,1.3538,Low
2026-01-20,SGD,1.3538,Low
2026-01-21,SGD,1.3504,Low
2026-01-22,SGD,1.3521,Low
2026-01-23,SGD,1.3544,Low
2026-01-24,SGD,1.3532,Low
2026-01-25,SGD,1.3519,Low
2026-01-26,SGD,1.3527,Low
2026-01-27,SGD,1.3515,Low
2026-01-28,SGD,1.3513,Low
2026-01-29,SGD,1.357,Low
2026-01-30,SGD,1.3563,Low
2026-01-31,SGD,1.3553,Low
2026-02-01,SGD,1.3536,Low
2026-02-02,SGD,1.3556,Low
2026-02-03,SGD,1.3551,Low
2026-02-04,SGD,1.3533,Low
2026-02-05,SGD,1.3569,Low
2026-02-06,SGD,1.3608,Low
2026-02-07,SGD,1.3591,Low
2026-02-08,SGD,1.3541,Low
2026-02-09,SGD,1.3568,Low
2026-02-10,SGD,1.3549,Low
2026-02-11,SGD,1.3571,Low
2026-02-12,SGD,1.3517,Low
2026-02-13,SGD,1.3541,Low
2026-02-14,SGD,1.3509,Low
2026-02-15,SGD,1.3528,Low
2026-02-16,SGD,1.3529,Low
2026-02-17,SGD,1.3503,Low
2026-02-18,SGD,1.3492,Low
2026-02-19,SGD,1.351,Low
2026-02-20,SGD,1.3513,Low
2026-02-21,SGD,1.3529,Low
2026-02-22,SGD,1.3583,Low
2026-02-23,SGD,1.354,Low
2026-02-24,SGD,1.3584,Low
2026-02-25,SGD,1.3587,Low
2026-02-26,SGD,1.3562,Low
2026-02-27,SGD,1.3526,Low
2026-02-28,SGD,1.3521,Low
2026-03-01,SGD,1.3546,Low
2026-03-02,SGD,1.3543,Low
2026-03-03,SGD,1.3583,Low
2026-03-04,SGD,1.3544,Low
2026-03-05,SGD,1.3544,Low
2026-03-06,SGD,1.351,Low
2026-03-07,SGD,1.352,Low
2026-03-08,SGD,1.3544,Low
2026-03-09,SGD,1.3532,Low
2026-03-10,SGD,1.3462,Low
2026-03-11,SGD,1.3467,Low
2026-03-12,SGD,1.3479,Low
2026-03-13,SGD,1.349,Low
2026-03-14,SGD,1.3523,Low
2026-03-15,SGD,1.3494,Low
2026-03-16,SGD,1.3512,Low
2026-03-17,SGD,1.3545,Low
2026-03-18,SGD,1.3497,Low
2026-03-19,SGD,1.3505,Low
2026-03-20,SGD,1.3492,Low
2026-03-21,SGD,1.3489,Low
2026-03-22,SGD,1.3499,Low
2026-03-23,SGD,1.3486,Low
2026-03-24,SGD,1.3467,Low
2026-03-25,SGD,1.3468,Low
2026-03-26,SGD,1.3439,Low
2026-03-27,SGD,1.341,Low
2026-03-28,SGD,1.3428,Low
2026-03-29,SGD,1.3397,Low
2026-03-30,SGD,1.3415,Low
2026-03-31,SGD,1.3427,Low
2026-04-01,SGD,1.3381,Low
2026-04-02,SGD,1.3363,Low
2026-04-03,SGD,1.3395,Low
2026-04-04,SGD,1.3369,Low
2026-04-05,SGD,1.3356,Low
2026-04-06,SGD,1.3369,Low
2026-04-07,SGD,1.3389,Low
2026-04-08,SGD,1.3383,Low
2026-04-09,SGD,1.3367,Low
2026-04-10,SGD,1.3405,Low
2026-04-11,SGD,1.3451,Low
2026-04-12,SGD,1.3478,Low
2026-04-13,SGD,1.348,Low
2026-04-14,SGD,1.3458,Low
2026-04-15,SGD,1.3436,Low
2026-04-16,SGD,1.345,Low
2026-04-17,SGD,1.3461,Low
2026-04-18,SGD,1.3499,Low
2026-04-19,SGD,1.3516,Low
2026-04-20,SGD,1.3476,Low
2026-04-21,SGD,1.3504,Low
2026-04-22,SGD,1.3477,Low
2026-04-23,SGD,1.3467,Low
2026-04-24,SGD,1.3474,Low
2026-04-25,SGD,1.3527,Low
2026-04-26,SGD,1.3612,Low
2026-04-27,SGD,1.3628,Low
2026-04-28,SGD,1.3623,Low
2026-04-29,SGD,1.3638,Low
2026-04-30,SGD,1.3662,Low
2026-05-01,SGD,1.3653,Low
2026-05-02,SGD,1.3702,Low
2026-05-03,SGD,1.3708,Low
2026-05-04,SGD,1.3722,Low
2026-05-05,SGD,1.374,Low
2026-05-06,SGD,1.3752,Low
2026-05-07,SGD,1.3775,Low
2026-05-08,SGD,1.3758,Low
2026-05-09,SGD,1.3743,Low
2026-05-10,SGD,1.3712,Low
2026-05-11,SGD,1.3724,Low
2026-05-12,SGD,1.3746,Low
2026-05-13,SGD,1.3758,Low
2026-05-14,SGD,1.3804,Low
2026-05-15,SGD,1.3804,Low
2026-05-16,SGD,1.3823,Low
2026-05-17,SGD,1.3793,Low
2026-05-18,SGD,1.3782,Low
2026-05-19,SGD,1.3801,Low
2026-05-20,SGD,1.3825,Low
2026-05-21,SGD,1.3816,Low
2026-05-22,SGD,1.3814,Low
2026-05-23,SGD,1.3772,Low
2026-05-24,SGD,1.3763,Low
2026-05-25,SGD,1.3787,Low
2026-05-26,SGD,1.3803,Low
2026-05-27,SGD,1.3817,Low
2026-05-28,SGD,1.3818,Low
2026-05-29,SGD,1.3818,Low
2026-05-30,SGD,1.38,Low
2026-05-31,SGD,1.3819,Low
2026-06-01,SGD,1.3831,Low
2026-06-02,SGD,1.3845,Low
2026-06-03,SGD,1.383,Low
2026-06-04,SGD,1.3771,Low
2026-06-05,SGD,1.3801,Low
2026-06-06,SGD,1.3788,Low
2026-06-07,SGD,1.3764,Low
2026-06-08,SGD,1.3783,Low
2026-06-09,SGD,1.3772,Low
2026-06-10,SGD,1.3801,Low
2026-06-11,SGD,1.3818,Low
2026-06-12,SGD,1.3837,Low
2026-06-13,SGD,1.3799,Low
2026-06-14,SGD,1.3833,Low
2026-06-15,SGD,1.384,Low
2026-06-16,SGD,1.383,Low
2026-06-17,SGD,1.3834,Low
2026-06-18,SGD,1.3785,Low
2026-06-19,SGD,1.3796,Low
2026-06-20,SGD,1.3767,Low
2026-06-21,SGD,1.373,Low
2026-06-22,SGD,1.3688,Low
2026-06-23,SGD,1.3719,Low
2026-06-24,SGD,1.3702,Low
2026-06-25,SGD,1.3744,Low
2026-06-26,SGD,1.3729,Low
2026-06-27,SGD,1.3682,Low
2026-06-28,SGD,1.3652,Low
2026-06-29,SGD,1.3685,Low
2026-06-30,SGD,1.3681,Low
2026-07-01,SGD,1.3666,Low
2026-07-02,SGD,1.367,Low
2026-07-03,SGD,1.3684,Low
2026-07-04,SGD,1.3715,Low
2026-07-05,SGD,1.3754,Low
2026-07-06,SGD,1.3744,Low
2026-07-07,SGD,1.3708,Low
2026-07-08,SGD,1.3697,Low
2026-07-09,SGD,1.3704,Low
2026-07-10,SGD,1.3677,Low
2026-07-11,SGD,1.3651,Low
2026-07-12,SGD,1.3661,Low
2026-07-13,SGD,1.3659,Low
2026-07-14,SGD,1.366,Low
2026-07-15,SGD,1.3639,Low
2026-07-16,SGD,1.3633,Low
2026-07-17,SGD,1.3608,Low
2026-07-18,SGD,1.3632,Low
2026-07-19,SGD,1.366,Low
2026-07-20,SGD,1.361,Low
2026-07-21,SGD,1.3585,Low
2026-07-22,SGD,1.3544,Low
2026-07-23,SGD,1.3526,Low
2026-07-24,SGD,1.3524,Low
2026-07-25,SGD,1.3485,Low
2026-07-26,SGD,1.346,Low
2026-07-27,SGD,1.3433,Low
2026-07-28,SGD,1.3439,Low
2026-07-29,SGD,1.344,Low
2026-07-30,SGD,1.3421,Low
2026-07-31,SGD,1.3426,Low
2026-08-01,SGD,1.3411,Low
2026-08-02,SGD,1.3404,Low
2026-08-03,SGD,1.3449,Low
2026-08-04,SGD,1.3485,Low
2026-08-05,SGD,1.345,Low
2026-08-06,SGD,1.3472,Low
2026-08-07,SGD,1.3494,Low
2026-08-08,SGD,1.3463,Low
2026-08-09,SGD,1.3485,Low
2026-08-10,SGD,1.3526,Low
2026-08-11,SGD,1.3496,Low
2026-08-12,SGD,1.3471,Low
2026-08-13,SGD,1.3499,Low
2026-08-14,SGD,1.3506,Low
2026-08-15,SGD,1.3521,Low
2026-08-16,SGD,1.353,Low
2026-08-17,SGD,1.3541,Low
2026-08-18,SGD,1.3505,Low
2026-08-19,SGD,1.3533,Low
2026-08-20,SGD,1.3565,Low
2026-08-21,SGD,1.3559,Low
2026-08-22,SGD,1.3557,Low
2026-08-23,SGD,1.3516,Low
2026-08-24,SGD,1.353,Low
2026-08-25,SGD,1.3545,Low
2026-08-26,SGD,1.3544,Low
2026-08-27,SGD,1.3574,Low
2026-08-28,SGD,1.3565,Low
2026-08-29,SGD,1.358,Low
2026-08-30,SGD,1.3553,Low
2026-08-31,SGD,1.3552,Low
2026-09-01,SGD,1.3547,Low
2026-09-02,SGD,1.3553,Low
2026-09-03,SGD,1.3543,Low
2026-09-04,SGD,1.354,Low
2026-09-05,SGD,1.3562,Low
2026-09-06,SGD,1.355,Low
2026-09-07,SGD,1.3507,Low
2026-09-08,SGD,1.3554,Low
2026-09-09,SGD,1.3591,Low
2026-09-10,SGD,1.3556,Low
2026-09-11,SGD,1.3575,Low
2026-09-12,SGD,1.3561,Low
2026-09-13,SGD,1.3568,Low
2026-09-14,SGD,1.3576,Low
2026-09-15,SGD,1.357,Low
2026-09-16,SGD,1.3549,Low
2026-09-17,SGD,1.353,Low
2026-09-18,SGD,1.3505,Low
2026-09-19,SGD,1.3483,Low
2026-09-20,SGD,1.3481,Low
2026-09-21,SGD,1.3462,Low
2026-09-22,SGD,1.348,Low
2026-09-23,SGD,1.352,Low
2026-09-24,SGD,1.3505,Low
2026-09-25,SGD,1.3511,Low
2026-09-26,SGD,1.3524,Low
2026-09-27,SGD,1.3537,Low
2026-09-28,SGD,1.3539,Low
2026-09-29,SGD,1.3559,Low
2026-09-30,SGD,1.3573,Low
2026-10-01,SGD,1.3539,Low
2026-10-02,SGD,1.3562,Low
2026-10-03,SGD,1.3587,Low
2026-10-04,SGD,1.3566,Low
2026-10-05,SGD,1.3567,Low
2026-10-06,SGD,1.3585,Low
2026-10-07,SGD,1.358,Low
2026-10-08,SGD,1.3609,Low
2026-10-09,SGD,1.3673,Low
2026-10-10,SGD,1.3652,Low
2026-10-11,SGD,1.3614,Low
2026-10-12,SGD,1.3622,Low
2026-10-13,SGD,1.3642,Low
2026-10-14,SGD,1.3636,Low
2026-10-15,SGD,1.3675,Low
2026-10-16,SGD,1.3639,Low
2026-10-17,SGD,1.3657,Low
2026-10-18,SGD,1.3641,Low
2026-10-19,SGD,1.3688,Low
2026-10-20,SGD,1.3742,Low
2026-10-21,SGD,1.3721,Low
2026-10-22,SGD,1.3706,Low
2026-10-23,SGD,1.373,Low
2026-10-24,SGD,1.3719,Low
2026-10-25,SGD,1.3718,Low
2026-10-26,SGD,1.3719,Low
2026-10-27,SGD,1.3666,Low
2026-10-28,SGD,1.3666,Low
2026-10-29,SGD,1.3647,Low
2026-10-30,SGD,1.3633,Low
2026-10-31,SGD,1.3673,Low
2026-11-01,SGD,1.3638,Low
2026-11-02,SGD,1.366,Low
2026-11-03,SGD,1.3653,Low
2026-11-04,SGD,1.3645,Low
2026-11-05,SGD,1.3667,Low
2026-11-06,SGD,1.3676,Low
2026-11-07,SGD,1.3692,Low
2026-11-08,SGD,1.3718,Low
2026-11-09,SGD,1.3709,Low
2026-11-10,SGD,1.3692,Low
2026-11-11,SGD,1.3663,Low
2026-11-12,SGD,1.364,Low
2026-11-13,SGD,1.372,Low
2026-11-14,SGD,1.3755,Low
2026-11-15,SGD,1.3717,Low
2026-11-16,SGD,1.3681,Low
2026-11-17,SGD,1.3694,Low
2026-11-18,SGD,1.3709,Low
2026-11-19,SGD,1.3724,Low
2026-11-20,SGD,1.3717,Low
2026-11-21,SGD,1.3714,Low
2026-11-22,SGD,1.3723,Low
2026-11-23,SGD,1.3725,Low
2026-11-24,SGD,1.3664,Low
2026-11-25,SGD,1.3658,Low
2026-11-26,SGD,1.3635,Low
2026-11-27,SGD,1.364,Low
2026-11-28,SGD,1.3721,Low
2026-11-29,SGD,1.3731,Low
2026-11-30,SGD,1.3723,Low
2026-12-01,SGD,1.3748,Low
2026-12-02,SGD,1.3761,Low
2026-12-03,SGD,1.3773,Low
2026-12-04,SGD,1.3789,Low
2026-12-05,SGD,1.3846,Low
2026-12-06,SGD,1.3815,Low
2026-12-07,SGD,1.3828,Low
2026-12-08,SGD,1.3802,Low
2026-12-09,SGD,1.3818,Low
2026-12-10,SGD,1.3792,Low
2026-12-11,SGD,1.3781,Low
2026-12-12,SGD,1.3773,Low
2026-12-13,SGD,1.3799,Low
2026-12-14,SGD,1.3825,Low
2026-12-15,SGD,1.379,Low
2026-12-16,SGD,1.3792,Low
2026-12-17,SGD,1.3772,Low
2026-12-18,SGD,1.3738,Low
2026-12-19,SGD,1.3732,Low
2026-12-20,SGD,1.3723,Low
2026-12-21,SGD,1.379,Low
2026-12-22,SGD,1.3802,Low
2026-12-23,SGD,1.3764,Low
2026-12-24,SGD,1.3748,Low
2026-12-25,SGD,1.3776,Low
2026-12-26,SGD,1.3834,Low
2026-12-27,SGD,1.379,Low
2026-12-28,SGD,1.3738,Low
2026-12-29,SGD,1.3789,Low
2026-12-30,SGD,1.38,Low
2026-12-31,SGD,1.3776,Low
2026-01-01,JPY,148.2374,Medium
2026-01-02,JPY,147.0652,Medium
2026-01-03,JPY,147.0667,Medium
2026-01-04,JPY,147.2114,Medium
2026-01-05,JPY,147.6195,Medium
2026-01-06,JPY,147.1705,Medium
2026-01-07,JPY,147.2084,Medium
2026-01-08,JPY,146.7997,Medium
2026-01-09,JPY,146.9121,Medium
2026-01-10,JPY,146.5175,Medium
2026-01-11,JPY,146.3381,Medium
2026-01-12,JPY,145.901,Medium
2026-01-13,JPY,146.186,Medium
2026-01-14,JPY,146.5625,Medium
2026-01-15,JPY,146.4593,Medium
2026-01-16,JPY,146.4761,Medium
2026-01-17,JPY,145.8395,Medium
2026-01-18,JPY,145.7084,Medium
2026-01-19,JPY,145.6865,Medium
2026-01-20,JPY,146.8319,Medium
2026-01-21,JPY,146.3421,Medium
2026-01-22,JPY,146.9849,Medium
2026-01-23,JPY,147.4245,Medium
2026-01-24,JPY,147.5486,Medium
2026-01-25,JPY,148.3271,Medium
2026-01-26,JPY,148.4926,Medium
2026-01-27,JPY,148.666,Medium
2026-01-28,JPY,148.6423,Medium
2026-01-29,JPY,149.1879,Medium
2026-01-30,JPY,149.6787,Medium
2026-01-31,JPY,149.3977,Medium
2026-02-01,JPY,148.8064,Medium
2026-02-02,JPY,148.7158,Medium
2026-02-03,JPY,148.3589,Medium
2026-02-04,JPY,148.3306,Medium
2026-02-05,JPY,148.8813,Medium
2026-02-06,JPY,148.677,Medium
2026-02-07,JPY,148.6579,Medium
2026-02-08,JPY,148.6838,Medium
2026-02-09,JPY,149.0622,Medium
2026-02-10,JPY,148.0575,Medium
2026-02-11,JPY,147.788,Medium
2026-02-12,JPY,147.8816,Medium
2026-02-13,JPY,148.4141,Medium
2026-02-14,JPY,148.195,Medium
2026-02-15,JPY,147.3608,Medium
2026-02-16,JPY,147.6347,Medium
2026-02-17,JPY,147.3533,Medium
2026-02-18,JPY,146.8274,Medium
2026-02-19,JPY,146.5524,Medium
2026-02-20,JPY,146.4713,Medium
2026-02-21,JPY,146.2055,Medium
2026-02-22,JPY,145.2381,Medium
2026-02-23,JPY,145.629,Medium
2026-02-24,JPY,146.186,Medium
2026-02-25,JPY,146.4717,Medium
2026-02-26,JPY,145.9718,Medium
2026-02-27,JPY,145.8836,Medium
2026-02-28,JPY,145.8807,Medium
2026-03-01,JPY,146.1428,Medium
2026-03-02,JPY,146.4358,Medium
2026-03-03,JPY,146.1133,Medium
2026-03-04,JPY,146.1492,Medium
2026-03-05,JPY,146.3497,Medium
2026-03-06,JPY,146.9889,Medium
2026-03-07,JPY,147.2995,Medium
2026-03-08,JPY,147.6482,Medium
2026-03-09,JPY,147.6853,Medium
2026-03-10,JPY,148.3103,Medium
2026-03-11,JPY,148.4926,Medium
2026-03-12,JPY,148.109,Medium
2026-03-13,JPY,148.7325,Medium
2026-03-14,JPY,149.0439,Medium
2026-03-15,JPY,148.8458,Medium
2026-03-16,JPY,148.6317,Medium
2026-03-17,JPY,148.764,Medium
2026-03-18,JPY,148.9707,Medium
2026-03-19,JPY,149.0589,Medium
2026-03-20,JPY,149.1981,Medium
2026-03-21,JPY,149.959,Medium
2026-03-22,JPY,150.441,Medium
2026-03-23,JPY,150.5271,Medium
2026-03-24,JPY,150.9521,Medium
2026-03-25,JPY,150.4845,Medium
2026-03-26,JPY,150.6642,Medium
2026-03-27,JPY,151.482,Medium
2026-03-28,JPY,151.3829,Medium
2026-03-29,JPY,150.9979,Medium
2026-03-30,JPY,150.7026,Medium
2026-03-31,JPY,150.2099,Medium
2026-04-01,JPY,149.8563,Medium
2026-04-02,JPY,149.6897,Medium
2026-04-03,JPY,149.0585,Medium
2026-04-04,JPY,149.0655,Medium
2026-04-05,JPY,149.469,Medium
2026-04-06,JPY,149.062,Medium
2026-04-07,JPY,149.7414,Medium
2026-04-08,JPY,149.9708,Medium
2026-04-09,JPY,150.4345,Medium
2026-04-10,JPY,150.1376,Medium
2026-04-11,JPY,150.5225,Medium
2026-04-12,JPY,150.0294,Medium
2026-04-13,JPY,150.4301,Medium
2026-04-14,JPY,150.5076,Medium
2026-04-15,JPY,150.7575,Medium
2026-04-16,JPY,150.2258,Medium
2026-04-17,JPY,149.8224,Medium
2026-04-18,JPY,150.0908,Medium
2026-04-19,JPY,149.6638,Medium
2026-04-20,JPY,149.8718,Medium
2026-04-21,JPY,149.2571,Medium
2026-04-22,JPY,149.6369,Medium
2026-04-23,JPY,149.0836,Medium
2026-04-24,JPY,149.3306,Medium
2026-04-25,JPY,149.6109,Medium
2026-04-26,JPY,149.2981,Medium
2026-04-27,JPY,149.5588,Medium
2026-04-28,JPY,149.6757,Medium
2026-04-29,JPY,149.4337,Medium
2026-04-30,JPY,148.9816,Medium
2026-05-01,JPY,148.1044,Medium
2026-05-02,JPY,148.2598,Medium
2026-05-03,JPY,147.5638,Medium
2026-05-04,JPY,147.606,Medium
2026-05-05,JPY,147.4893,Medium
2026-05-06,JPY,147.7898,Medium
2026-05-07,JPY,147.6559,Medium
2026-05-08,JPY,147.51,Medium
2026-05-09,JPY,147.8338,Medium
2026-05-10,JPY,147.9824,Medium
2026-05-11,JPY,148.1228,Medium
2026-05-12,JPY,148.3313,Medium
2026-05-13,JPY,147.648,Medium
2026-05-14,JPY,147.9832,Medium
2026-05-15,JPY,148.2551,Medium
2026-05-16,JPY,147.8029,Medium
2026-05-17,JPY,147.6947,Medium
2026-05-18,JPY,147.6773,Medium
2026-05-19,JPY,147.6177,Medium
2026-05-20,JPY,147.7656,Medium
2026-05-21,JPY,148.4001,Medium
2026-05-22,JPY,148.8817,Medium
2026-05-23,JPY,148.2956,Medium
2026-05-24,JPY,148.5723,Medium
2026-05-25,JPY,149.1647,Medium
2026-05-26,JPY,149.3378,Medium
2026-05-27,JPY,149.8265,Medium
2026-05-28,JPY,150.731,Medium
2026-05-29,JPY,151.1939,Medium
2026-05-30,JPY,151.307,Medium
2026-05-31,JPY,151.7814,Medium
2026-06-01,JPY,151.8474,Medium
2026-06-02,JPY,151.8583,Medium
2026-06-03,JPY,151.6982,Medium
2026-06-04,JPY,152.4097,Medium
2026-06-05,JPY,152.0354,Medium
2026-06-06,JPY,152.7344,Medium
2026-06-07,JPY,152.9634,Medium
2026-06-08,JPY,152.3213,Medium
2026-06-09,JPY,152.4893,Medium
2026-06-10,JPY,151.5286,Medium
2026-06-11,JPY,151.8129,Medium
2026-06-12,JPY,152.2161,Medium
2026-06-13,JPY,151.9456,Medium
2026-06-14,JPY,152.0019,Medium
2026-06-15,JPY,152.893,Medium
2026-06-16,JPY,152.6611,Medium
2026-06-17,JPY,152.1761,Medium
2026-06-18,JPY,152.8525,Medium
2026-06-19,JPY,153.7525,Medium
2026-06-20,JPY,153.7542,Medium
2026-06-21,JPY,154.2207,Medium
2026-06-22,JPY,154.8414,Medium
2026-06-23,JPY,154.4965,Medium
2026-06-24,JPY,154.2715,Medium
2026-06-25,JPY,154.8412,Medium
2026-06-26,JPY,155.6239,Medium
2026-06-27,JPY,155.8867,Medium
2026-06-28,JPY,155.4753,Medium
2026-06-29,JPY,156.4021,Medium
2026-06-30,JPY,156.153,Medium
2026-07-01,JPY,155.996,Medium
2026-07-02,JPY,156.1562,Medium
2026-07-03,JPY,156.8842,Medium
2026-07-04,JPY,157.2862,Medium
2026-07-05,JPY,157.4819,Medium
2026-07-06,JPY,157.7008,Medium
2026-07-07,JPY,157.7214,Medium
2026-07-08,JPY,157.9855,Medium
2026-07-09,JPY,156.7866,Medium
2026-07-10,JPY,156.6471,Medium
2026-07-11,JPY,156.7605,Medium
2026-07-12,JPY,156.2192,Medium
2026-07-13,JPY,156.4002,Medium
2026-07-14,JPY,156.3043,Medium
2026-07-15,JPY,157.1275,Medium
2026-07-16,JPY,157.869,Medium
2026-07-17,JPY,157.6483,Medium
2026-07-18,JPY,157.577,Medium
2026-07-19,JPY,157.5421,Medium
2026-07-20,JPY,157.3286,Medium
2026-07-21,JPY,157.4206,Medium
2026-07-22,JPY,157.0625,Medium
2026-07-23,JPY,156.5298,Medium
2026-07-24,JPY,156.8222,Medium
2026-07-25,JPY,157.1184,Medium
2026-07-26,JPY,156.7393,Medium
2026-07-27,JPY,157.1603,Medium
2026-07-28,JPY,156.8625,Medium
2026-07-29,JPY,156.9816,Medium
2026-07-30,JPY,157.368,Medium
2026-07-31,JPY,157.3521,Medium
2026-08-01,JPY,157.5668,Medium
2026-08-02,JPY,157.3227,Medium
2026-08-03,JPY,157.2299,Medium
2026-08-04,JPY,157.1328,Medium
2026-08-05,JPY,156.7809,Medium
2026-08-06,JPY,156.6977,Medium
2026-08-07,JPY,155.9698,Medium
2026-08-08,JPY,155.7399,Medium
2026-08-09,JPY,155.6068,Medium
2026-08-10,JPY,155.4872,Medium
2026-08-11,JPY,155.3746,Medium
2026-08-12,JPY,155.3458,Medium
2026-08-13,JPY,155.5692,Medium
2026-08-14,JPY,155.9774,Medium
2026-08-15,JPY,155.6733,Medium
2026-08-16,JPY,155.1114,Medium
2026-08-17,JPY,154.6265,Medium
2026-08-18,JPY,154.4005,Medium
2026-08-19,JPY,154.2375,Medium
2026-08-20,JPY,153.8812,Medium
2026-08-21,JPY,153.2829,Medium
2026-08-22,JPY,153.0731,Medium
2026-08-23,JPY,153.1564,Medium
2026-08-24,JPY,153.4298,Medium
2026-08-25,JPY,153.1733,Medium
2026-08-26,JPY,152.9835,Medium
2026-08-27,JPY,152.5582,Medium
2026-08-28,JPY,152.5438,Medium
2026-08-29,JPY,152.1555,Medium
2026-08-30,JPY,152.4171,Medium
2026-08-31,JPY,151.6005,Medium
2026-09-01,JPY,151.437,Medium
2026-09-02,JPY,151.5738,Medium
2026-09-03,JPY,151.6574,Medium
2026-09-04,JPY,152.8826,Medium
2026-09-05,JPY,153.0431,Medium
2026-09-06,JPY,152.5821,Medium
2026-09-07,JPY,152.5384,Medium
2026-09-08,JPY,151.7255,Medium
2026-09-09,JPY,151.6889,Medium
2026-09-10,JPY,151.3098,Medium
2026-09-11,JPY,151.7253,Medium
2026-09-12,JPY,151.4751,Medium
2026-09-13,JPY,151.4221,Medium
2026-09-14,JPY,151.1334,Medium
2026-09-15,JPY,151.9218,Medium
2026-09-16,JPY,151.7754,Medium
2026-09-17,JPY,152.6098,Medium
2026-09-18,JPY,152.9825,Medium
2026-09-19,JPY,153.2038,Medium
2026-09-20,JPY,153.3732,Medium
2026-09-21,JPY,153.5544,Medium
2026-09-22,JPY,152.6664,Medium
2026-09-23,JPY,152.5387,Medium
2026-09-24,JPY,152.9254,Medium
2026-09-25,JPY,152.903,Medium
2026-09-26,JPY,152.2584,Medium
2026-09-27,JPY,152.2345,Medium
2026-09-28,JPY,153.0128,Medium
2026-09-29,JPY,153.5851,Medium
2026-09-30,JPY,153.5566,Medium
2026-10-01,JPY,153.9949,Medium
2026-10-02,JPY,153.8256,Medium
2026-10-03,JPY,153.0393,Medium
2026-10-04,JPY,152.6148,Medium
2026-10-05,JPY,153.3304,Medium
2026-10-06,JPY,153.2043,Medium
2026-10-07,JPY,153.0925,Medium
2026-10-08,JPY,152.9548,Medium
2026-10-09,JPY,153.8285,Medium
2026-10-10,JPY,154.5789,Medium
2026-10-11,JPY,155.6078,Medium
2026-10-12,JPY,155.5336,Medium
2026-10-13,JPY,155.6715,Medium
2026-10-14,JPY,154.9632,Medium
2026-10-15,JPY,155.6498,Medium
2026-10-16,JPY,155.1045,Medium
2026-10-17,JPY,155.2054,Medium
2026-10-18,JPY,154.6945,Medium
2026-10-19,JPY,154.4212,Medium
2026-10-20,JPY,154.0333,Medium
2026-10-21,JPY,153.7524,Medium
2026-10-22,JPY,153.5037,Medium
2026-10-23,JPY,153.2512,Medium
2026-10-24,JPY,153.6344,Medium
2026-10-25,JPY,153.1251,Medium
2026-10-26,JPY,153.2265,Medium
2026-10-27,JPY,153.7863,Medium
2026-10-28,JPY,153.5496,Medium
2026-10-29,JPY,153.2188,Medium
2026-10-30,JPY,153.1129,Medium
2026-10-31,JPY,153.6548,Medium
2026-11-01,JPY,153.7443,Medium
2026-11-02,JPY,153.4992,Medium
2026-11-03,JPY,153.7221,Medium
2026-11-04,JPY,153.2137,Medium
2026-11-05,JPY,153.5269,Medium
2026-11-06,JPY,153.7151,Medium
2026-11-07,JPY,153.5732,Medium
2026-11-08,JPY,153.1868,Medium
2026-11-09,JPY,152.7793,Medium
2026-11-10,JPY,153.0244,Medium
2026-11-11,JPY,153.5886,Medium
2026-11-12,JPY,153.295,Medium
2026-11-13,JPY,153.5058,Medium
2026-11-14,JPY,152.5447,Medium
2026-11-15,JPY,152.2771,Medium
2026-11-16,JPY,152.263,Medium
2026-11-17,JPY,151.8474,Medium
2026-11-18,JPY,151.4208,Medium
2026-11-19,JPY,151.1175,Medium
2026-11-20,JPY,151.2499,Medium
2026-11-21,JPY,151.1649,Medium
2026-11-22,JPY,150.1499,Medium
2026-11-23,JPY,149.1946,Medium
2026-11-24,JPY,148.923,Medium
2026-11-25,JPY,149.1275,Medium
2026-11-26,JPY,147.8983,Medium
2026-11-27,JPY,147.6766,Medium
2026-11-28,JPY,147.4434,Medium
2026-11-29,JPY,148.0575,Medium
2026-11-30,JPY,147.8865,Medium
2026-12-01,JPY,148.0564,Medium
2026-12-02,JPY,148.1192,Medium
2026-12-03,JPY,147.1724,Medium
2026-12-04,JPY,147.5116,Medium
2026-12-05,JPY,147.6069,Medium
2026-12-06,JPY,147.832,Medium
2026-12-07,JPY,149.5733,Medium
2026-12-08,JPY,148.6381,Medium
2026-12-09,JPY,149.4072,Medium
2026-12-10,JPY,149.2783,Medium
2026-12-11,JPY,149.407,Medium
2026-12-12,JPY,149.3866,Medium
2026-12-13,JPY,149.1965,Medium
2026-12-14,JPY,148.9414,Medium
2026-12-15,JPY,149.0887,Medium
2026-12-16,JPY,148.4101,Medium
2026-12-17,JPY,148.7443,Medium
2026-12-18,JPY,148.5585,Medium
2026-12-19,JPY,148.0549,Medium
2026-12-20,JPY,147.855,Medium
2026-12-21,JPY,148.4126,Medium
2026-12-22,JPY,148.1743,Medium
2026-12-23,JPY,148.3336,Medium
2026-12-24,JPY,148.0084,Medium
2026-12-25,JPY,148.3449,Medium
2026-12-26,JPY,148.65,Medium
2026-12-27,JPY,149.4744,Medium
2026-12-28,JPY,149.3956,Medium
2026-12-29,JPY,149.6953,Medium
2026-12-30,JPY,149.7393,Medium
2026-12-31,JPY,150.3215,Medium
2026-01-01,AUD,1.4968,Medium
2026-01-02,AUD,1.5001,Medium
2026-01-03,AUD,1.4992,Medium
2026-01-04,AUD,1.4989,Medium
2026-01-05,AUD,1.4994,Medium
2026-01-06,AUD,1.5005,Medium
2026-01-07,AUD,1.5,Medium
2026-01-08,AUD,1.5009,Medium
2026-01-09,AUD,1.508,Medium
2026-01-10,AUD,1.5125,Medium
2026-01-11,AUD,1.5164,Medium
2026-01-12,AUD,1.5144,Medium
2026-01-13,AUD,1.5103,Medium
2026-01-14,AUD,1.5147,Medium
2026-01-15,AUD,1.5186,Medium
2026-01-16,AUD,1.5254,Medium
2026-01-17,AUD,1.5226,Medium
2026-01-18,AUD,1.5215,Medium
2026-01-19,AUD,1.5141,Medium
2026-01-20,AUD,1.5123,Medium
2026-01-21,AUD,1.5168,Medium
2026-01-22,AUD,1.5147,Medium
2026-01-23,AUD,1.5176,Medium
2026-01-24,AUD,1.5167,Medium
2026-01-25,AUD,1.5182,Medium
2026-01-26,AUD,1.513,Medium
2026-01-27,AUD,1.5133,Medium
2026-01-28,AUD,1.4998,Medium
2026-01-29,AUD,1.4989,Medium
2026-01-30,AUD,1.4916,Medium
2026-01-31,AUD,1.497,Medium
2026-02-01,AUD,1.5005,Medium
2026-02-02,AUD,1.5026,Medium
2026-02-03,AUD,1.5094,Medium
2026-02-04,AUD,1.5051,Medium
2026-02-05,AUD,1.513,Medium
2026-02-06,AUD,1.5173,Medium
2026-02-07,AUD,1.5162,Medium
2026-02-08,AUD,1.5214,Medium
2026-02-09,AUD,1.5163,Medium
2026-02-10,AUD,1.5126,Medium
2026-02-11,AUD,1.5098,Medium
2026-02-12,AUD,1.5074,Medium
2026-02-13,AUD,1.5026,Medium
2026-02-14,AUD,1.5081,Medium
2026-02-15,AUD,1.507,Medium
2026-02-16,AUD,1.5086,Medium
2026-02-17,AUD,1.506,Medium
2026-02-18,AUD,1.4977,Medium
2026-02-19,AUD,1.499,Medium
2026-02-20,AUD,1.4904,Medium
2026-02-21,AUD,1.4901,Medium
2026-02-22,AUD,1.4839,Medium
2026-02-23,AUD,1.4928,Medium
2026-02-24,AUD,1.4969,Medium
2026-02-25,AUD,1.4973,Medium
2026-02-26,AUD,1.503,Medium
2026-02-27,AUD,1.4992,Medium
2026-02-28,AUD,1.5016,Medium
2026-03-01,AUD,1.5025,Medium
2026-03-02,AUD,1.5037,Medium
2026-03-03,AUD,1.5095,Medium
2026-03-04,AUD,1.5128,Medium
2026-03-05,AUD,1.5141,Medium
2026-03-06,AUD,1.5066,Medium
2026-03-07,AUD,1.5022,Medium
2026-03-08,AUD,1.5017,Medium
2026-03-09,AUD,1.5021,Medium
2026-03-10,AUD,1.497,Medium
2026-03-11,AUD,1.5079,Medium
2026-03-12,AUD,1.5147,Medium
2026-03-13,AUD,1.5174,Medium
2026-03-14,AUD,1.5178,Medium
2026-03-15,AUD,1.5168,Medium
2026-03-16,AUD,1.5125,Medium
2026-03-17,AUD,1.5128,Medium
2026-03-18,AUD,1.514,Medium
2026-03-19,AUD,1.5084,Medium
2026-03-20,AUD,1.5099,Medium
2026-03-21,AUD,1.5092,Medium
2026-03-22,AUD,1.5005,Medium
2026-03-23,AUD,1.4967,Medium
2026-03-24,AUD,1.4948,Medium
2026-03-25,AUD,1.5033,Medium
2026-03-26,AUD,1.5058,Medium
2026-03-27,AUD,1.4997,Medium
2026-03-28,AUD,1.5019,Medium
2026-03-29,AUD,1.495,Medium
2026-03-30,AUD,1.4998,Medium
2026-03-31,AUD,1.4977,Medium
2026-04-01,AUD,1.4973,Medium
2026-04-02,AUD,1.5032,Medium
2026-04-03,AUD,1.4974,Medium
2026-04-04,AUD,1.4911,Medium
2026-04-05,AUD,1.4885,Medium
2026-04-06,AUD,1.4932,Medium
2026-04-07,AUD,1.4864,Medium
2026-04-08,AUD,1.4737,Medium
2026-04-09,AUD,1.4717,Medium
2026-04-10,AUD,1.4742,Medium
2026-04-11,AUD,1.4795,Medium
2026-04-12,AUD,1.4774,Medium
2026-04-13,AUD,1.4756,Medium
2026-04-14,AUD,1.4807,Medium
2026-04-15,AUD,1.4724,Medium
2026-04-16,AUD,1.4707,Medium
2026-04-17,AUD,1.4715,Medium
2026-04-18,AUD,1.4735,Medium
2026-04-19,AUD,1.4713,Medium
2026-04-20,AUD,1.4714,Medium
2026-04-21,AUD,1.4604,Medium
2026-04-22,AUD,1.4575,Medium
2026-04-23,AUD,1.4595,Medium
2026-04-24,AUD,1.4552,Medium
2026-04-25,AUD,1.4555,Medium
2026-04-26,AUD,1.4574,Medium
2026-04-27,AUD,1.4559,Medium
2026-04-28,AUD,1.4567,Medium
2026-04-29,AUD,1.4525,Medium
2026-04-30,AUD,1.4516,Medium
2026-05-01,AUD,1.4542,Medium
2026-05-02,AUD,1.4549,Medium
2026-05-03,AUD,1.4524,Medium
2026-05-04,AUD,1.4533,Medium
2026-05-05,AUD,1.4565,Medium
2026-05-06,AUD,1.4475,Medium
2026-05-07,AUD,1.4525,Medium
2026-05-08,AUD,1.4511,Medium
2026-05-09,AUD,1.4529,Medium
2026-05-10,AUD,1.4581,Medium
2026-05-11,AUD,1.4521,Medium
2026-05-12,AUD,1.449,Medium
2026-05-13,AUD,1.4478,Medium
2026-05-14,AUD,1.4444,Medium
2026-05-15,AUD,1.4519,Medium
2026-05-16,AUD,1.4482,Medium
2026-05-17,AUD,1.4458,Medium
2026-05-18,AUD,1.4466,Medium
2026-05-19,AUD,1.4414,Medium
2026-05-20,AUD,1.4397,Medium
2026-05-21,AUD,1.4411,Medium
2026-05-22,AUD,1.4396,Medium
2026-05-23,AUD,1.4392,Medium
2026-05-24,AUD,1.437,Medium
2026-05-25,AUD,1.4304,Medium
2026-05-26,AUD,1.4318,Medium
2026-05-27,AUD,1.4393,Medium
2026-05-28,AUD,1.4394,Medium
2026-05-29,AUD,1.4404,Medium
2026-05-30,AUD,1.4434,Medium
2026-05-31,AUD,1.4379,Medium
2026-06-01,AUD,1.4452,Medium
2026-06-02,AUD,1.4461,Medium
2026-06-03,AUD,1.4532,Medium
2026-06-04,AUD,1.45,Medium
2026-06-05,AUD,1.4579,Medium
2026-06-06,AUD,1.4613,Medium
2026-06-07,AUD,1.4637,Medium
2026-06-08,AUD,1.4648,Medium
2026-06-09,AUD,1.4637,Medium
2026-06-10,AUD,1.4689,Medium
2026-06-11,AUD,1.4696,Medium
2026-06-12,AUD,1.4609,Medium
2026-06-13,AUD,1.456,Medium
2026-06-14,AUD,1.4552,Medium
2026-06-15,AUD,1.4565,Medium
2026-06-16,AUD,1.4563,Medium
2026-06-17,AUD,1.4616,Medium
2026-06-18,AUD,1.453,Medium
2026-06-19,AUD,1.4537,Medium
2026-06-20,AUD,1.4457,Medium
2026-06-21,AUD,1.449,Medium
2026-06-22,AUD,1.4486,Medium
2026-06-23,AUD,1.4505,Medium
2026-06-24,AUD,1.4467,Medium
2026-06-25,AUD,1.4522,Medium
2026-06-26,AUD,1.4568,Medium
2026-06-27,AUD,1.4593,Medium
2026-06-28,AUD,1.4588,Medium
2026-06-29,AUD,1.4613,Medium
2026-06-30,AUD,1.4582,Medium
2026-07-01,AUD,1.462,Medium
2026-07-02,AUD,1.4692,Medium
2026-07-03,AUD,1.4739,Medium
2026-07-04,AUD,1.4707,Medium
2026-07-05,AUD,1.4723,Medium
2026-07-06,AUD,1.4666,Medium
2026-07-07,AUD,1.4691,Medium
2026-07-08,AUD,1.4711,Medium
2026-07-09,AUD,1.4628,Medium
2026-07-10,AUD,1.4577,Medium
2026-07-11,AUD,1.4565,Medium
2026-07-12,AUD,1.4552,Medium
2026-07-13,AUD,1.4499,Medium
2026-07-14,AUD,1.4516,Medium
2026-07-15,AUD,1.4527,Medium
2026-07-16,AUD,1.4518,Medium
2026-07-17,AUD,1.4485,Medium
2026-07-18,AUD,1.4531,Medium
2026-07-19,AUD,1.4603,Medium
2026-07-20,AUD,1.4582,Medium
2026-07-21,AUD,1.4555,Medium
2026-07-22,AUD,1.4577,Medium
2026-07-23,AUD,1.4561,Medium
2026-07-24,AUD,1.4555,Medium
2026-07-25,AUD,1.4587,Medium
2026-07-26,AUD,1.4504,Medium
2026-07-27,AUD,1.4561,Medium
2026-07-28,AUD,1.4564,Medium
2026-07-29,AUD,1.4546,Medium
2026-07-30,AUD,1.4542,Medium
2026-07-31,AUD,1.4541,Medium
2026-08-01,AUD,1.4465,Medium
2026-08-02,AUD,1.453,Medium
2026-08-03,AUD,1.4532,Medium
2026-08-04,AUD,1.4551,Medium
2026-08-05,AUD,1.4593,Medium
2026-08-06,AUD,1.4548,Medium
2026-08-07,AUD,1.4569,Medium
2026-08-08,AUD,1.4557,Medium
2026-08-09,AUD,1.4594,Medium
2026-08-10,AUD,1.4501,Medium
2026-08-11,AUD,1.4496,Medium
2026-08-12,AUD,1.447,Medium
2026-08-13,AUD,1.4489,Medium
2026-08-14,AUD,1.4509,Medium
2026-08-15,AUD,1.4479,Medium
2026-08-16,AUD,1.4448,Medium
2026-08-17,AUD,1.4443,Medium
2026-08-18,AUD,1.4404,Medium
2026-08-19,AUD,1.444,Medium
2026-08-20,AUD,1.4424,Medium
2026-08-21,AUD,1.4299,Medium
2026-08-22,AUD,1.4282,Medium
2026-08-23,AUD,1.4238,Medium
2026-08-24,AUD,1.4168,Medium
2026-08-25,AUD,1.4116,Medium
2026-08-26,AUD,1.412,Medium
2026-08-27,AUD,1.4177,Medium
2026-08-28,AUD,1.419,Medium
2026-08-29,AUD,1.4164,Medium
2026-08-30,AUD,1.4183,Medium
2026-08-31,AUD,1.4164,Medium
2026-09-01,AUD,1.4134,Medium
2026-09-02,AUD,1.4085,Medium
2026-09-03,AUD,1.4011,Medium
2026-09-04,AUD,1.3995,Medium
2026-09-05,AUD,1.4002,Medium
2026-09-06,AUD,1.3998,Medium
2026-09-07,AUD,1.398,Medium
2026-09-08,AUD,1.3941,Medium
2026-09-09,AUD,1.3966,Medium
2026-09-10,AUD,1.3911,Medium
2026-09-11,AUD,1.3943,Medium
2026-09-12,AUD,1.3901,Medium
2026-09-13,AUD,1.387,Medium
2026-09-14,AUD,1.3809,Medium
2026-09-15,AUD,1.3788,Medium
2026-09-16,AUD,1.3828,Medium
2026-09-17,AUD,1.385,Medium
2026-09-18,AUD,1.389,Medium
2026-09-19,AUD,1.3912,Medium
2026-09-20,AUD,1.3866,Medium
2026-09-21,AUD,1.3852,Medium
2026-09-22,AUD,1.382,Medium
2026-09-23,AUD,1.3875,Medium
2026-09-24,AUD,1.3825,Medium
2026-09-25,AUD,1.3862,Medium
2026-09-26,AUD,1.39,Medium
2026-09-27,AUD,1.3976,Medium
2026-09-28,AUD,1.3959,Medium
2026-09-29,AUD,1.3988,Medium
2026-09-30,AUD,1.4084,Medium
2026-10-01,AUD,1.4058,Medium
2026-10-02,AUD,1.3993,Medium
2026-10-03,AUD,1.3914,Medium
2026-10-04,AUD,1.3944,Medium
2026-10-05,AUD,1.3865,Medium
2026-10-06,AUD,1.385,Medium
2026-10-07,AUD,1.3868,Medium
2026-10-08,AUD,1.3876,Medium
2026-10-09,AUD,1.3894,Medium
2026-10-10,AUD,1.3903,Medium
2026-10-11,AUD,1.3956,Medium
2026-10-12,AUD,1.3916,Medium
2026-10-13,AUD,1.3888,Medium
2026-10-14,AUD,1.3856,Medium
2026-10-15,AUD,1.389,Medium
2026-10-16,AUD,1.3928,Medium
2026-10-17,AUD,1.3947,Medium
2026-10-18,AUD,1.3996,Medium
2026-10-19,AUD,1.3947,Medium
2026-10-20,AUD,1.4016,Medium
2026-10-21,AUD,1.4081,Medium
2026-10-22,AUD,1.4112,Medium
2026-10-23,AUD,1.4187,Medium
2026-10-24,AUD,1.4117,Medium
2026-10-25,AUD,1.4094,Medium
2026-10-26,AUD,1.4063,Medium
2026-10-27,AUD,1.4094,Medium
2026-10-28,AUD,1.4049,Medium
2026-10-29,AUD,1.4081,Medium
2026-10-30,AUD,1.4139,Medium
2026-10-31,AUD,1.4169,Medium
2026-11-01,AUD,1.4181,Medium
2026-11-02,AUD,1.4139,Medium
2026-11-03,AUD,1.4103,Medium
2026-11-04,AUD,1.4156,Medium
2026-11-05,AUD,1.4189,Medium
2026-11-06,AUD,1.4187,Medium
2026-11-07,AUD,1.4169,Medium
2026-11-08,AUD,1.4083,Medium
2026-11-09,AUD,1.4038,Medium
2026-11-10,AUD,1.4118,Medium
2026-11-11,AUD,1.4064,Medium
2026-11-12,AUD,1.4072,Medium
2026-11-13,AUD,1.4115,Medium
2026-11-14,AUD,1.4062,Medium
2026-11-15,AUD,1.4069,Medium
2026-11-16,AUD,1.4109,Medium
2026-11-17,AUD,1.4109,Medium
2026-11-18,AUD,1.4231,Medium
2026-11-19,AUD,1.416,Medium
2026-11-20,AUD,1.4205,Medium
2026-11-21,AUD,1.4197,Medium
2026-11-22,AUD,1.423,Medium
2026-11-23,AUD,1.4249,Medium
2026-11-24,AUD,1.4218,Medium
2026-11-25,AUD,1.4227,Medium
2026-11-26,AUD,1.4148,Medium
2026-11-27,AUD,1.4174,Medium
2026-11-28,AUD,1.4186,Medium
2026-11-29,AUD,1.4214,Medium
2026-11-30,AUD,1.4259,Medium
2026-12-01,AUD,1.4274,Medium
2026-12-02,AUD,1.4281,Medium
2026-12-03,AUD,1.4243,Medium
2026-12-04,AUD,1.4213,Medium
2026-12-05,AUD,1.4263,Medium
2026-12-06,AUD,1.4325,Medium
2026-12-07,AUD,1.4314,Medium
2026-12-08,AUD,1.4316,Medium
2026-12-09,AUD,1.4277,Medium
2026-12-10,AUD,1.4328,Medium
2026-12-11,AUD,1.4356,Medium
2026-12-12,AUD,1.444,Medium
2026-12-13,AUD,1.4402,Medium
2026-12-14,AUD,1.4386,Medium
2026-12-15,AUD,1.4396,Medium
2026-12-16,AUD,1.4423,Medium
2026-12-17,AUD,1.4414,Medium
2026-12-18,AUD,1.4376,Medium
2026-12-19,AUD,1.4414,Medium
2026-12-20,AUD,1.4446,Medium
2026-12-21,AUD,1.4406,Medium
2026-12-22,AUD,1.4464,Medium
2026-12-23,AUD,1.4515,Medium
2026-12-24,AUD,1.4521,Medium
2026-12-25,AUD,1.4525,Medium
2026-12-26,AUD,1.4549,Medium
2026-12-27,AUD,1.4511,Medium
2026-12-28,AUD,1.4512,Medium
2026-12-29,AUD,1.4419,Medium
2026-12-30,AUD,1.4457,Medium
2026-12-31,AUD,1.4389,Medium
2026-01-01,MYR,4.4701,Medium
2026-01-02,MYR,4.4656,Medium
2026-01-03,MYR,4.4628,Medium
2026-01-04,MYR,4.4544,Medium
2026-01-05,MYR,4.4506,Medium
2026-01-06,MYR,4.4695,Medium
2026-01-07,MYR,4.4361,Medium
2026-01-08,MYR,4.4531,Medium
2026-01-09,MYR,4.4576,Medium
2026-01-10,MYR,4.4415,Medium
2026-01-11,MYR,4.4272,Medium
2026-01-12,MYR,4.4494,Medium
2026-01-13,MYR,4.4368,Medium
2026-01-14,MYR,4.4215,Medium
2026-01-15,MYR,4.4366,Medium
2026-01-16,MYR,4.4411,Medium
2026-01-17,MYR,4.4286,Medium
2026-01-18,MYR,4.4314,Medium
2026-01-19,MYR,4.4178,Medium
2026-01-20,MYR,4.4324,Medium
2026-01-21,MYR,4.4465,Medium
2026-01-22,MYR,4.4536,Medium
2026-01-23,MYR,4.4584,Medium
2026-01-24,MYR,4.482,Medium
2026-01-25,MYR,4.482,Medium
2026-01-26,MYR,4.4661,Medium
2026-01-27,MYR,4.4721,Medium
2026-01-28,MYR,4.5001,Medium
2026-01-29,MYR,4.4864,Medium
2026-01-30,MYR,4.4815,Medium
2026-01-31,MYR,4.4871,Medium
2026-02-01,MYR,4.4864,Medium
2026-02-02,MYR,4.4732,Medium
2026-02-03,MYR,4.4883,Medium
2026-02-04,MYR,4.5195,Medium
2026-02-05,MYR,4.5221,Medium
2026-02-06,MYR,4.5099,Medium
2026-02-07,MYR,4.4889,Medium
2026-02-08,MYR,4.4924,Medium
2026-02-09,MYR,4.5073,Medium
2026-02-10,MYR,4.5137,Medium
2026-02-11,MYR,4.5137,Medium
2026-02-12,MYR,4.5057,Medium
2026-02-13,MYR,4.4909,Medium
2026-02-14,MYR,4.5022,Medium
2026-02-15,MYR,4.5145,Medium
2026-02-16,MYR,4.4936,Medium
2026-02-17,MYR,4.515,Medium
2026-02-18,MYR,4.5228,Medium
2026-02-19,MYR,4.5418,Medium
2026-02-20,MYR,4.5235,Medium
2026-02-21,MYR,4.505,Medium
2026-02-22,MYR,4.5029,Medium
2026-02-23,MYR,4.5097,Medium
2026-02-24,MYR,4.534,Medium
2026-02-25,MYR,4.5436,Medium
2026-02-26,MYR,4.5403,Medium
2026-02-27,MYR,4.5264,Medium
2026-02-28,MYR,4.5431,Medium
2026-03-01,MYR,4.5299,Medium
2026-03-02,MYR,4.552,Medium
2026-03-03,MYR,4.5482,Medium
2026-03-04,MYR,4.5699,Medium
2026-03-05,MYR,4.5792,Medium
2026-03-06,MYR,4.5773,Medium
2026-03-07,MYR,4.5702,Medium
2026-03-08,MYR,4.5655,Medium
2026-03-09,MYR,4.5713,Medium
2026-03-10,MYR,4.5724,Medium
2026-03-11,MYR,4.5643,Medium
2026-03-12,MYR,4.562,Medium
2026-03-13,MYR,4.5631,Medium
2026-03-14,MYR,4.5339,Medium
2026-03-15,MYR,4.5402,Medium
2026-03-16,MYR,4.5268,Medium
2026-03-17,MYR,4.5112,Medium
2026-03-18,MYR,4.4883,Medium
2026-03-19,MYR,4.4642,Medium
2026-03-20,MYR,4.446,Medium
2026-03-21,MYR,4.4366,Medium
2026-03-22,MYR,4.4625,Medium
2026-03-23,MYR,4.4555,Medium
2026-03-24,MYR,4.4579,Medium
2026-03-25,MYR,4.4632,Medium
2026-03-26,MYR,4.465,Medium
2026-03-27,MYR,4.464,Medium
2026-03-28,MYR,4.448,Medium
2026-03-29,MYR,4.4673,Medium
2026-03-30,MYR,4.4915,Medium
2026-03-31,MYR,4.4689,Medium
2026-04-01,MYR,4.4551,Medium
2026-04-02,MYR,4.4514,Medium
2026-04-03,MYR,4.4385,Medium
2026-04-04,MYR,4.4452,Medium
2026-04-05,MYR,4.4355,Medium
2026-04-06,MYR,4.4643,Medium
2026-04-07,MYR,4.4803,Medium
2026-04-08,MYR,4.4831,Medium
2026-04-09,MYR,4.497,Medium
2026-04-10,MYR,4.5119,Medium
2026-04-11,MYR,4.5042,Medium
2026-04-12,MYR,4.4932,Medium
2026-04-13,MYR,4.4943,Medium
2026-04-14,MYR,4.5059,Medium
2026-04-15,MYR,4.5078,Medium
2026-04-16,MYR,4.4864,Medium
2026-04-17,MYR,4.4756,Medium
2026-04-18,MYR,4.4746,Medium
2026-04-19,MYR,4.4736,Medium
2026-04-20,MYR,4.5001,Medium
2026-04-21,MYR,4.4814,Medium
2026-04-22,MYR,4.4882,Medium
2026-04-23,MYR,4.5082,Medium
2026-04-24,MYR,4.539,Medium
2026-04-25,MYR,4.5334,Medium
2026-04-26,MYR,4.5401,Medium
2026-04-27,MYR,4.5479,Medium
2026-04-28,MYR,4.5506,Medium
2026-04-29,MYR,4.5492,Medium
2026-04-30,MYR,4.5552,Medium
2026-05-01,MYR,4.5206,Medium
2026-05-02,MYR,4.5298,Medium
2026-05-03,MYR,4.5315,Medium
2026-05-04,MYR,4.5285,Medium
2026-05-05,MYR,4.5563,Medium
2026-05-06,MYR,4.5471,Medium
2026-05-07,MYR,4.5416,Medium
2026-05-08,MYR,4.5687,Medium
2026-05-09,MYR,4.5573,Medium
2026-05-10,MYR,4.5498,Medium
2026-05-11,MYR,4.5478,Medium
2026-05-12,MYR,4.5593,Medium
2026-05-13,MYR,4.5621,Medium
2026-05-14,MYR,4.5444,Medium
2026-05-15,MYR,4.5371,Medium
2026-05-16,MYR,4.5289,Medium
2026-05-17,MYR,4.5278,Medium
2026-05-18,MYR,4.5336,Medium
2026-05-19,MYR,4.5393,Medium
2026-05-20,MYR,4.5151,Medium
2026-05-21,MYR,4.5295,Medium
2026-05-22,MYR,4.533,Medium
2026-05-23,MYR,4.5518,Medium
2026-05-24,MYR,4.5579,Medium
2026-05-25,MYR,4.5729,Medium
2026-05-26,MYR,4.5793,Medium
2026-05-27,MYR,4.5978,Medium
2026-05-28,MYR,4.605,Medium
2026-05-29,MYR,4.6037,Medium
2026-05-30,MYR,4.635,Medium
2026-05-31,MYR,4.6474,Medium
2026-06-01,MYR,4.6554,Medium
2026-06-02,MYR,4.6376,Medium
2026-06-03,MYR,4.6197,Medium
2026-06-04,MYR,4.6237,Medium
2026-06-05,MYR,4.6257,Medium
2026-06-06,MYR,4.6172,Medium
2026-06-07,MYR,4.6192,Medium
2026-06-08,MYR,4.6412,Medium
2026-06-09,MYR,4.6509,Medium
2026-06-10,MYR,4.6349,Medium
2026-06-11,MYR,4.6334,Medium
2026-06-12,MYR,4.6222,Medium
2026-06-13,MYR,4.6168,Medium
2026-06-14,MYR,4.6111,Medium
2026-06-15,MYR,4.6045,Medium
2026-06-16,MYR,4.5872,Medium
2026-06-17,MYR,4.5854,Medium
2026-06-18,MYR,4.5777,Medium
2026-06-19,MYR,4.5375,Medium
2026-06-20,MYR,4.5654,Medium
2026-06-21,MYR,4.5803,Medium
2026-06-22,MYR,4.5751,Medium
2026-06-23,MYR,4.5754,Medium
2026-06-24,MYR,4.5593,Medium
2026-06-25,MYR,4.5825,Medium
2026-06-26,MYR,4.6086,Medium
2026-06-27,MYR,4.6108,Medium
2026-06-28,MYR,4.6249,Medium
2026-06-29,MYR,4.6273,Medium
2026-06-30,MYR,4.6088,Medium
2026-07-01,MYR,4.6031,Medium
2026-07-02,MYR,4.6049,Medium
2026-07-03,MYR,4.5986,Medium
2026-07-04,MYR,4.5956,Medium
2026-07-05,MYR,4.5944,Medium
2026-07-06,MYR,4.5932,Medium
2026-07-07,MYR,4.594,Medium
2026-07-08,MYR,4.5794,Medium
2026-07-09,MYR,4.5695,Medium
2026-07-10,MYR,4.5519,Medium
2026-07-11,MYR,4.5652,Medium
2026-07-12,MYR,4.5364,Medium
2026-07-13,MYR,4.5521,Medium
2026-07-14,MYR,4.571,Medium
2026-07-15,MYR,4.5669,Medium
2026-07-16,MYR,4.5312,Medium
2026-07-17,MYR,4.5263,Medium
2026-07-18,MYR,4.5254,Medium
2026-07-19,MYR,4.5117,Medium
2026-07-20,MYR,4.5048,Medium
2026-07-21,MYR,4.5254,Medium
2026-07-22,MYR,4.5345,Medium
2026-07-23,MYR,4.5219,Medium
2026-07-24,MYR,4.5002,Medium
2026-07-25,MYR,4.4958,Medium
2026-07-26,MYR,4.4929,Medium
2026-07-27,MYR,4.4996,Medium
2026-07-28,MYR,4.4924,Medium
2026-07-29,MYR,4.4993,Medium
2026-07-30,MYR,4.5254,Medium
2026-07-31,MYR,4.5365,Medium
2026-08-01,MYR,4.5358,Medium
2026-08-02,MYR,4.5333,Medium
2026-08-03,MYR,4.5285,Medium
2026-08-04,MYR,4.5445,Medium
2026-08-05,MYR,4.536,Medium
2026-08-06,MYR,4.5366,Medium
2026-08-07,MYR,4.5373,Medium
2026-08-08,MYR,4.5304,Medium
2026-08-09,MYR,4.5118,Medium
2026-08-10,MYR,4.5162,Medium
2026-08-11,MYR,4.5153,Medium
2026-08-12,MYR,4.5221,Medium
2026-08-13,MYR,4.5149,Medium
2026-08-14,MYR,4.5314,Medium
2026-08-15,MYR,4.5195,Medium
2026-08-16,MYR,4.5427,Medium
2026-08-17,MYR,4.5189,Medium
2026-08-18,MYR,4.5248,Medium
2026-08-19,MYR,4.5312,Medium
2026-08-20,MYR,4.5204,Medium
2026-08-21,MYR,4.5262,Medium
2026-08-22,MYR,4.5435,Medium
2026-08-23,MYR,4.5133,Medium
2026-08-24,MYR,4.5201,Medium
2026-08-25,MYR,4.4863,Medium
2026-08-26,MYR,4.4733,Medium
2026-08-27,MYR,4.4952,Medium
2026-08-28,MYR,4.4873,Medium
2026-08-29,MYR,4.4715,Medium
2026-08-30,MYR,4.4689,Medium
2026-08-31,MYR,4.4966,Medium
2026-09-01,MYR,4.4719,Medium
2026-09-02,MYR,4.4578,Medium
2026-09-03,MYR,4.4778,Medium
2026-09-04,MYR,4.5028,Medium
2026-09-05,MYR,4.5014,Medium
2026-09-06,MYR,4.4846,Medium
2026-09-07,MYR,4.5128,Medium
2026-09-08,MYR,4.5344,Medium
2026-09-09,MYR,4.5437,Medium
2026-09-10,MYR,4.5326,Medium
2026-09-11,MYR,4.5319,Medium
2026-09-12,MYR,4.5297,Medium
2026-09-13,MYR,4.5342,Medium
2026-09-14,MYR,4.554,Medium
2026-09-15,MYR,4.566,Medium
2026-09-16,MYR,4.5512,Medium
2026-09-17,MYR,4.57,Medium
2026-09-18,MYR,4.5743,Medium
2026-09-19,MYR,4.5837,Medium
2026-09-20,MYR,4.6039,Medium
2026-09-21,MYR,4.5886,Medium
2026-09-22,MYR,4.5881,Medium
2026-09-23,MYR,4.5808,Medium
2026-09-24,MYR,4.5592,Medium
2026-09-25,MYR,4.5639,Medium
2026-09-26,MYR,4.5983,Medium
2026-09-27,MYR,4.573,Medium
2026-09-28,MYR,4.5725,Medium
2026-09-29,MYR,4.5813,Medium
2026-09-30,MYR,4.583,Medium
2026-10-01,MYR,4.5814,Medium
2026-10-02,MYR,4.5636,Medium
2026-10-03,MYR,4.5668,Medium
2026-10-04,MYR,4.5564,Medium
2026-10-05,MYR,4.5265,Medium
2026-10-06,MYR,4.5427,Medium
2026-10-07,MYR,4.5557,Medium
2026-10-08,MYR,4.5565,Medium
2026-10-09,MYR,4.5596,Medium
2026-10-10,MYR,4.5743,Medium
2026-10-11,MYR,4.5774,Medium
2026-10-12,MYR,4.5898,Medium
2026-10-13,MYR,4.5857,Medium
2026-10-14,MYR,4.6037,Medium
2026-10-15,MYR,4.6082,Medium
2026-10-16,MYR,4.6108,Medium
2026-10-17,MYR,4.5933,Medium
2026-10-18,MYR,4.5972,Medium
2026-10-19,MYR,4.5857,Medium
2026-10-20,MYR,4.577,Medium
2026-10-21,MYR,4.5658,Medium
2026-10-22,MYR,4.5512,Medium
2026-10-23,MYR,4.5802,Medium
2026-10-24,MYR,4.5985,Medium
2026-10-25,MYR,4.625,Medium
2026-10-26,MYR,4.608,Medium
2026-10-27,MYR,4.609,Medium
2026-10-28,MYR,4.5911,Medium
2026-10-29,MYR,4.5815,Medium
2026-10-30,MYR,4.5689,Medium
2026-10-31,MYR,4.5859,Medium
2026-11-01,MYR,4.5804,Medium
2026-11-02,MYR,4.5951,Medium
2026-11-03,MYR,4.6034,Medium
2026-11-04,MYR,4.6353,Medium
2026-11-05,MYR,4.6147,Medium
2026-11-06,MYR,4.6321,Medium
2026-11-07,MYR,4.648,Medium
2026-11-08,MYR,4.6345,Medium
2026-11-09,MYR,4.6485,Medium
2026-11-10,MYR,4.6532,Medium
2026-11-11,MYR,4.65,Medium
2026-11-12,MYR,4.6385,Medium
2026-11-13,MYR,4.6285,Medium
2026-11-14,MYR,4.657,Medium
2026-11-15,MYR,4.657,Medium
2026-11-16,MYR,4.6679,Medium
2026-11-17,MYR,4.6568,Medium
2026-11-18,MYR,4.6459,Medium
2026-11-19,MYR,4.661,Medium
2026-11-20,MYR,4.6421,Medium
2026-11-21,MYR,4.6363,Medium
2026-11-22,MYR,4.6368,Medium
2026-11-23,MYR,4.6384,Medium
2026-11-24,MYR,4.6359,Medium
2026-11-25,MYR,4.6414,Medium
2026-11-26,MYR,4.651,Medium
2026-11-27,MYR,4.6613,Medium
2026-11-28,MYR,4.6475,Medium
2026-11-29,MYR,4.6435,Medium
2026-11-30,MYR,4.6602,Medium
2026-12-01,MYR,4.6727,Medium
2026-12-02,MYR,4.6534,Medium
2026-12-03,MYR,4.6583,Medium
2026-12-04,MYR,4.6307,Medium
2026-12-05,MYR,4.6313,Medium
2026-12-06,MYR,4.6577,Medium
2026-12-07,MYR,4.6445,Medium
2026-12-08,MYR,4.6328,Medium
2026-12-09,MYR,4.6435,Medium
2026-12-10,MYR,4.622,Medium
2026-12-11,MYR,4.6132,Medium
2026-12-12,MYR,4.6215,Medium
2026-12-13,MYR,4.6127,Medium
2026-12-14,MYR,4.6094,Medium
2026-12-15,MYR,4.6197,Medium
2026-12-16,MYR,4.6255,Medium
2026-12-17,MYR,4.6292,Medium
2026-12-18,MYR,4.6245,Medium
2026-12-19,MYR,4.6297,Medium
2026-12-20,MYR,4.6279,Medium
2026-12-21,MYR,4.6343,Medium
2026-12-22,MYR,4.6274,Medium
2026-12-23,MYR,4.6249,Medium
2026-12-24,MYR,4.6111,Medium
2026-12-25,MYR,4.6106,Medium
2026-12-26,MYR,4.5994,Medium
2026-12-27,MYR,4.584,Medium
2026-12-28,MYR,4.5876,Medium
2026-12-29,MYR,4.5905,Medium
2026-12-30,MYR,4.6013,Medium
2026-12-31,MYR,4.5954,Medium
2026-01-01,CNY,7.2059,Medium
2026-01-02,CNY,7.2138,Medium
2026-01-03,CNY,7.2202,Medium
2026-01-04,CNY,7.2083,Medium
2026-01-05,CNY,7.2105,Medium
2026-01-06,CNY,7.2157,Medium
2026-01-07,CNY,7.2158,Medium
2026-01-08,CNY,7.1857,Medium
2026-01-09,CNY,7.188,Medium
2026-01-10,CNY,7.2198,Medium
2026-01-11,CNY,7.2146,Medium
2026-01-12,CNY,7.2041,Medium
2026-01-13,CNY,7.2095,Medium
2026-01-14,CNY,7.214,Medium
2026-01-15,CNY,7.2312,Medium
2026-01-16,CNY,7.213,Medium
2026-01-17,CNY,7.2236,Medium
2026-01-18,CNY,7.2321,Medium
2026-01-19,CNY,7.23,Medium
2026-01-20,CNY,7.2349,Medium
2026-01-21,CNY,7.2498,Medium
2026-01-22,CNY,7.2625,Medium
2026-01-23,CNY,7.2459,Medium
2026-01-24,CNY,7.2578,Medium
2026-01-25,CNY,7.2568,Medium
2026-01-26,CNY,7.2579,Medium
2026-01-27,CNY,7.2589,Medium
2026-01-28,CNY,7.2568,Medium
2026-01-29,CNY,7.2741,Medium
2026-01-30,CNY,7.2728,Medium
2026-01-31,CNY,7.2566,Medium
2026-02-01,CNY,7.2508,Medium
2026-02-02,CNY,7.2534,Medium
2026-02-03,CNY,7.2713,Medium
2026-02-04,CNY,7.28,Medium
2026-02-05,CNY,7.2677,Medium
2026-02-06,CNY,7.3038,Medium
2026-02-07,CNY,7.3076,Medium
2026-02-08,CNY,7.3263,Medium
2026-02-09,CNY,7.3241,Medium
2026-02-10,CNY,7.3319,Medium
2026-02-11,CNY,7.3442,Medium
2026-02-12,CNY,7.3621,Medium
2026-02-13,CNY,7.3776,Medium
2026-02-14,CNY,7.3905,Medium
2026-02-15,CNY,7.3859,Medium
2026-02-16,CNY,7.3774,Medium
2026-02-17,CNY,7.3823,Medium
2026-02-18,CNY,7.3961,Medium
2026-02-19,CNY,7.3928,Medium
2026-02-20,CNY,7.4086,Medium
2026-02-21,CNY,7.4301,Medium
2026-02-22,CNY,7.4165,Medium
2026-02-23,CNY,7.404,Medium
2026-02-24,CNY,7.402,Medium
2026-02-25,CNY,7.4065,Medium
2026-02-26,CNY,7.3988,Medium
2026-02-27,CNY,7.4188,Medium
2026-02-28,CNY,7.4251,Medium
2026-03-01,CNY,7.4256,Medium
2026-03-02,CNY,7.4043,Medium
2026-03-03,CNY,7.3848,Medium
2026-03-04,CNY,7.389,Medium
2026-03-05,CNY,7.3575,Medium
2026-03-06,CNY,7.3724,Medium
2026-03-07,CNY,7.37,Medium
2026-03-08,CNY,7.4178,Medium
2026-03-09,CNY,7.4521,Medium
2026-03-10,CNY,7.4494,Medium
2026-03-11,CNY,7.4478,Medium
2026-03-12,CNY,7.4626,Medium
2026-03-13,CNY,7.488,Medium
2026-03-14,CNY,7.4635,Medium
2026-03-15,CNY,7.4368,Medium
2026-03-16,CNY,7.4276,Medium
2026-03-17,CNY,7.4362,Medium
2026-03-18,CNY,7.4436,Medium
2026-03-19,CNY,7.4596,Medium
2026-03-20,CNY,7.4417,Medium
2026-03-21,CNY,7.4072,Medium
2026-03-22,CNY,7.4199,Medium
2026-03-23,CNY,7.4076,Medium
2026-03-24,CNY,7.3777,Medium
2026-03-25,CNY,7.3798,Medium
2026-03-26,CNY,7.3916,Medium
2026-03-27,CNY,7.3898,Medium
2026-03-28,CNY,7.383,Medium
2026-03-29,CNY,7.3806,Medium
2026-03-30,CNY,7.3752,Medium
2026-03-31,CNY,7.3553,Medium
2026-04-01,CNY,7.3448,Medium
2026-04-02,CNY,7.3524,Medium
2026-04-03,CNY,7.3572,Medium
2026-04-04,CNY,7.3596,Medium
2026-04-05,CNY,7.345,Medium
2026-04-06,CNY,7.3423,Medium
2026-04-07,CNY,7.3103,Medium
2026-04-08,CNY,7.3129,Medium
2026-04-09,CNY,7.3338,Medium
2026-04-10,CNY,7.3122,Medium
2026-04-11,CNY,7.3037,Medium
2026-04-12,CNY,7.3085,Medium
2026-04-13,CNY,7.3268,Medium
2026-04-14,CNY,7.3202,Medium
2026-04-15,CNY,7.3101,Medium
2026-04-16,CNY,7.2813,Medium
2026-04-17,CNY,7.2828,Medium
2026-04-18,CNY,7.3125,Medium
2026-04-19,CNY,7.3166,Medium
2026-04-20,CNY,7.3163,Medium
2026-04-21,CNY,7.321,Medium
2026-04-22,CNY,7.3208,Medium
2026-04-23,CNY,7.3089,Medium
2026-04-24,CNY,7.321,Medium
2026-04-25,CNY,7.3243,Medium
2026-04-26,CNY,7.3245,Medium
2026-04-27,CNY,7.3102,Medium
2026-04-28,CNY,7.3293,Medium
2026-04-29,CNY,7.339,Medium
2026-04-30,CNY,7.3309,Medium
2026-05-01,CNY,7.3456,Medium
2026-05-02,CNY,7.3383,Medium
2026-05-03,CNY,7.3268,Medium
2026-05-04,CNY,7.3157,Medium
2026-05-05,CNY,7.2898,Medium
2026-05-06,CNY,7.2966,Medium
2026-05-07,CNY,7.2699,Medium
2026-05-08,CNY,7.2521,Medium
2026-05-09,CNY,7.222,Medium
2026-05-10,CNY,7.2207,Medium
2026-05-11,CNY,7.2185,Medium
2026-05-12,CNY,7.2138,Medium
2026-05-13,CNY,7.1988,Medium
2026-05-14,CNY,7.1819,Medium
2026-05-15,CNY,7.1886,Medium
2026-05-16,CNY,7.1807,Medium
2026-05-17,CNY,7.1852,Medium
2026-05-18,CNY,7.1725,Medium
2026-05-19,CNY,7.1751,Medium
2026-05-20,CNY,7.1938,Medium
2026-05-21,CNY,7.2022,Medium
2026-05-22,CNY,7.1963,Medium
2026-05-23,CNY,7.2,Medium
2026-05-24,CNY,7.1965,Medium
2026-05-25,CNY,7.1966,Medium
2026-05-26,CNY,7.1919,Medium
2026-05-27,CNY,7.1896,Medium
2026-05-28,CNY,7.1926,Medium
2026-05-29,CNY,7.1783,Medium
2026-05-30,CNY,7.1637,Medium
2026-05-31,CNY,7.1439,Medium
2026-06-01,CNY,7.121,Medium
2026-06-02,CNY,7.1037,Medium
2026-06-03,CNY,7.1059,Medium
2026-06-04,CNY,7.0932,Medium
2026-06-05,CNY,7.1005,Medium
2026-06-06,CNY,7.101,Medium
2026-06-07,CNY,7.0731,Medium
2026-06-08,CNY,7.0823,Medium
2026-06-09,CNY,7.0938,Medium
2026-06-10,CNY,7.0797,Medium
2026-06-11,CNY,7.0857,Medium
2026-06-12,CNY,7.0735,Medium
2026-06-13,CNY,7.0749,Medium
2026-06-14,CNY,7.057,Medium
2026-06-15,CNY,7.0317,Medium
2026-06-16,CNY,7.0263,Medium
2026-06-17,CNY,7.0246,Medium
2026-06-18,CNY,7.019,Medium
2026-06-19,CNY,7.0024,Medium
2026-06-20,CNY,6.9968,Medium
2026-06-21,CNY,7.0005,Medium
2026-06-22,CNY,6.9999,Medium
2026-06-23,CNY,7.0025,Medium
2026-06-24,CNY,6.9931,Medium
2026-06-25,CNY,7.0095,Medium
2026-06-26,CNY,6.993,Medium
2026-06-27,CNY,6.9998,Medium
2026-06-28,CNY,7.0163,Medium
2026-06-29,CNY,7.0231,Medium
2026-06-30,CNY,7.0202,Medium
2026-07-01,CNY,7.0128,Medium
2026-07-02,CNY,7.0274,Medium
2026-07-03,CNY,7.0074,Medium
2026-07-04,CNY,6.9938,Medium
2026-07-05,CNY,6.9882,Medium
2026-07-06,CNY,7.0055,Medium
2026-07-07,CNY,7.0108,Medium
2026-07-08,CNY,6.9972,Medium
2026-07-09,CNY,6.9929,Medium
2026-07-10,CNY,6.9843,Medium
2026-07-11,CNY,6.9744,Medium
2026-07-12,CNY,6.9881,Medium
2026-07-13,CNY,6.9689,Medium
2026-07-14,CNY,6.9913,Medium
2026-07-15,CNY,7.0029,Medium
2026-07-16,CNY,7.0182,Medium
2026-07-17,CNY,7.0117,Medium
2026-07-18,CNY,7.0096,Medium
2026-07-19,CNY,6.9895,Medium
2026-07-20,CNY,6.9821,Medium
2026-07-21,CNY,6.989,Medium
2026-07-22,CNY,7.0071,Medium
2026-07-23,CNY,6.9916,Medium
2026-07-24,CNY,6.9865,Medium
2026-07-25,CNY,6.9844,Medium
2026-07-26,CNY,6.9649,Medium
2026-07-27,CNY,6.9731,Medium
2026-07-28,CNY,6.963,Medium
2026-07-29,CNY,6.9603,Medium
2026-07-30,CNY,6.954,Medium
2026-07-31,CNY,6.9431,Medium
2026-08-01,CNY,6.943,Medium
2026-08-02,CNY,6.94,Medium
2026-08-03,CNY,6.9348,Medium
2026-08-04,CNY,6.9247,Medium
2026-08-05,CNY,6.9291,Medium
2026-08-06,CNY,6.952,Medium
2026-08-07,CNY,6.954,Medium
2026-08-08,CNY,6.9678,Medium
2026-08-09,CNY,6.9485,Medium
2026-08-10,CNY,6.9507,Medium
2026-08-11,CNY,6.9354,Medium
2026-08-12,CNY,6.9149,Medium
2026-08-13,CNY,6.9047,Medium
2026-08-14,CNY,6.9212,Medium
2026-08-15,CNY,6.9343,Medium
2026-08-16,CNY,6.9377,Medium
2026-08-17,CNY,6.9164,Medium
2026-08-18,CNY,6.9137,Medium
2026-08-19,CNY,6.9179,Medium
2026-08-20,CNY,6.9203,Medium
2026-08-21,CNY,6.8948,Medium
2026-08-22,CNY,6.8825,Medium
2026-08-23,CNY,6.8816,Medium
2026-08-24,CNY,6.889,Medium
2026-08-25,CNY,6.8587,Medium
2026-08-26,CNY,6.8565,Medium
2026-08-27,CNY,6.8585,Medium
2026-08-28,CNY,6.8701,Medium
2026-08-29,CNY,6.8796,Medium
2026-08-30,CNY,6.8877,Medium
2026-08-31,CNY,6.8766,Medium
2026-09-01,CNY,6.8504,Medium
2026-09-02,CNY,6.845,Medium
2026-09-03,CNY,6.8587,Medium
2026-09-04,CNY,6.8778,Medium
2026-09-05,CNY,6.8876,Medium
2026-09-06,CNY,6.8935,Medium
2026-09-07,CNY,6.8988,Medium
2026-09-08,CNY,6.8911,Medium
2026-09-09,CNY,6.8893,Medium
2026-09-10,CNY,6.9123,Medium
2026-09-11,CNY,6.8993,Medium
2026-09-12,CNY,6.9215,Medium
2026-09-13,CNY,6.9171,Medium
2026-09-14,CNY,6.9354,Medium
2026-09-15,CNY,6.9159,Medium
2026-09-16,CNY,6.924,Medium
2026-09-17,CNY,6.9138,Medium
2026-09-18,CNY,6.8942,Medium
2026-09-19,CNY,6.8973,Medium
2026-09-20,CNY,6.9112,Medium
2026-09-21,CNY,6.8995,Medium
2026-09-22,CNY,6.8788,Medium
2026-09-23,CNY,6.8776,Medium
2026-09-24,CNY,6.8764,Medium
2026-09-25,CNY,6.8839,Medium
2026-09-26,CNY,6.897,Medium
2026-09-27,CNY,6.8961,Medium
2026-09-28,CNY,6.9217,Medium
2026-09-29,CNY,6.9248,Medium
2026-09-30,CNY,6.92,Medium
2026-10-01,CNY,6.8977,Medium
2026-10-02,CNY,6.8941,Medium
2026-10-03,CNY,6.8895,Medium
2026-10-04,CNY,6.9027,Medium
2026-10-05,CNY,6.9091,Medium
2026-10-06,CNY,6.8928,Medium
2026-10-07,CNY,6.8952,Medium
2026-10-08,CNY,6.9044,Medium
2026-10-09,CNY,6.9255,Medium
2026-10-10,CNY,6.9378,Medium
2026-10-11,CNY,6.9484,Medium
2026-10-12,CNY,6.9492,Medium
2026-10-13,CNY,6.9546,Medium
2026-10-14,CNY,6.972,Medium
2026-10-15,CNY,6.9534,Medium
2026-10-16,CNY,6.9486,Medium
2026-10-17,CNY,6.9378,Medium
2026-10-18,CNY,6.9431,Medium
2026-10-19,CNY,6.9602,Medium
2026-10-20,CNY,6.9519,Medium
2026-10-21,CNY,6.9186,Medium
2026-10-22,CNY,6.9129,Medium
2026-10-23,CNY,6.9255,Medium
2026-10-24,CNY,6.933,Medium
2026-10-25,CNY,6.9389,Medium
2026-10-26,CNY,6.935,Medium
2026-10-27,CNY,6.9173,Medium
2026-10-28,CNY,6.9244,Medium
2026-10-29,CNY,6.9129,Medium
2026-10-30,CNY,6.9431,Medium
2026-10-31,CNY,6.951,Medium
2026-11-01,CNY,6.9429,Medium
2026-11-02,CNY,6.9344,Medium
2026-11-03,CNY,6.9331,Medium
2026-11-04,CNY,6.9298,Medium
2026-11-05,CNY,6.9453,Medium
2026-11-06,CNY,6.9479,Medium
2026-11-07,CNY,6.9377,Medium
2026-11-08,CNY,6.964,Medium
2026-11-09,CNY,6.9646,Medium
2026-11-10,CNY,6.9754,Medium
2026-11-11,CNY,6.9669,Medium
2026-11-12,CNY,6.9719,Medium
2026-11-13,CNY,6.9763,Medium
2026-11-14,CNY,6.9499,Medium
2026-11-15,CNY,6.9779,Medium
2026-11-16,CNY,6.9959,Medium
2026-11-17,CNY,6.9904,Medium
2026-11-18,CNY,6.975,Medium
2026-11-19,CNY,6.9798,Medium
2026-11-20,CNY,6.981,Medium
2026-11-21,CNY,6.986,Medium
2026-11-22,CNY,6.9887,Medium
2026-11-23,CNY,6.9957,Medium
2026-11-24,CNY,7.016,Medium
2026-11-25,CNY,7.024,Medium
2026-11-26,CNY,7.0092,Medium
2026-11-27,CNY,7.0283,Medium
2026-11-28,CNY,7.0514,Medium
2026-11-29,CNY,7.0958,Medium
2026-11-30,CNY,7.0799,Medium
2026-12-01,CNY,7.0833,Medium
2026-12-02,CNY,7.0538,Medium
2026-12-03,CNY,7.0616,Medium
2026-12-04,CNY,7.0539,Medium
2026-12-05,CNY,7.081,Medium
2026-12-06,CNY,7.07,Medium
2026-12-07,CNY,7.0462,Medium
2026-12-08,CNY,7.0395,Medium
2026-12-09,CNY,7.0117,Medium
2026-12-10,CNY,7.0222,Medium
2026-12-11,CNY,6.9932,Medium
2026-12-12,CNY,6.9936,Medium
2026-12-13,CNY,6.9646,Medium
2026-12-14,CNY,6.9601,Medium
2026-12-15,CNY,6.983,Medium
2026-12-16,CNY,6.988,Medium
2026-12-17,CNY,6.976,Medium
2026-12-18,CNY,6.9755,Medium
2026-12-19,CNY,6.9758,Medium
2026-12-20,CNY,6.9824,Medium
2026-12-21,CNY,6.9633,Medium
2026-12-22,CNY,6.9715,Medium
2026-12-23,CNY,6.9338,Medium
2026-12-24,CNY,6.9251,Medium
2026-12-25,CNY,6.9183,Medium
2026-12-26,CNY,6.9271,Medium
2026-12-27,CNY,6.9274,Medium
2026-12-28,CNY,6.9079,Medium
2026-12-29,CNY,6.8943,Medium
2026-12-30,CNY,6.8971,Medium
2026-12-31,CNY,6.896,Medium
2026-01-01,BRL,5.2816,High
2026-01-02,BRL,5.2663,High
2026-01-03,BRL,5.2883,High
2026-01-04,BRL,5.2719,High
2026-01-05,BRL,5.2691,High
2026-01-06,BRL,5.3377,High
2026-01-07,BRL,5.2921,High
2026-01-08,BRL,5.2333,High
2026-01-09,BRL,5.2579,High
2026-01-10,BRL,5.2365,High
2026-01-11,BRL,5.2265,High
2026-01-12,BRL,5.202,High
2026-01-13,BRL,5.1939,High
2026-01-14,BRL,5.2437,High
2026-01-15,BRL,5.269,High
2026-01-16,BRL,5.2962,High
2026-01-17,BRL,5.2512,High
2026-01-18,BRL,5.215,High
2026-01-19,BRL,5.1261,High
2026-01-20,BRL,5.1012,High
2026-01-21,BRL,5.1305,High
2026-01-22,BRL,5.1464,High
2026-01-23,BRL,5.1396,High
2026-01-24,BRL,5.1389,High
2026-01-25,BRL,5.1177,High
2026-01-26,BRL,5.124,High
2026-01-27,BRL,5.1475,High
2026-01-28,BRL,5.0976,High
2026-01-29,BRL,5.1068,High
2026-01-30,BRL,5.1353,High
2026-01-31,BRL,5.1225,High
2026-02-01,BRL,5.1441,High
2026-02-02,BRL,5.2309,High
2026-02-03,BRL,5.2277,High
2026-02-04,BRL,5.24,High
2026-02-05,BRL,5.2168,High
2026-02-06,BRL,5.2225,High
2026-02-07,BRL,5.2369,High
2026-02-08,BRL,5.243,High
2026-02-09,BRL,5.2109,High
2026-02-10,BRL,5.2174,High
2026-02-11,BRL,5.2632,High
2026-02-12,BRL,5.2773,High
2026-02-13,BRL,5.3078,High
2026-02-14,BRL,5.3002,High
2026-02-15,BRL,5.3241,High
2026-02-16,BRL,5.333,High
2026-02-17,BRL,5.3026,High
2026-02-18,BRL,5.3127,High
2026-02-19,BRL,5.2811,High
2026-02-20,BRL,5.2611,High
2026-02-21,BRL,5.267,High
2026-02-22,BRL,5.2764,High
2026-02-23,BRL,5.2388,High
2026-02-24,BRL,5.2719,High
2026-02-25,BRL,5.29,High
2026-02-26,BRL,5.2676,High
2026-02-27,BRL,5.219,High
2026-02-28,BRL,5.2145,High
2026-03-01,BRL,5.2005,High
2026-03-02,BRL,5.2041,High
2026-03-03,BRL,5.1927,High
2026-03-04,BRL,5.1302,High
2026-03-05,BRL,5.1182,High
2026-03-06,BRL,5.1089,High
2026-03-07,BRL,5.1283,High
2026-03-08,BRL,5.1068,High
2026-03-09,BRL,5.1582,High
2026-03-10,BRL,5.0991,High
2026-03-11,BRL,5.1392,High
2026-03-12,BRL,5.1323,High
2026-03-13,BRL,5.1587,High
2026-03-14,BRL,5.1612,High
2026-03-15,BRL,5.1965,High
2026-03-16,BRL,5.1844,High
2026-03-17,BRL,5.1502,High
2026-03-18,BRL,5.1941,High
2026-03-19,BRL,5.1906,High
2026-03-20,BRL,5.1975,High
2026-03-21,BRL,5.236,High
2026-03-22,BRL,5.2036,High
2026-03-23,BRL,5.2222,High
2026-03-24,BRL,5.2037,High
2026-03-25,BRL,5.1996,High
2026-03-26,BRL,5.2018,High
2026-03-27,BRL,5.155,High
2026-03-28,BRL,5.1309,High
2026-03-29,BRL,5.1725,High
2026-03-30,BRL,5.2,High
2026-03-31,BRL,5.1981,High
2026-04-01,BRL,5.2056,High
2026-04-02,BRL,5.1964,High
2026-04-03,BRL,5.2387,High
2026-04-04,BRL,5.2324,High
2026-04-05,BRL,5.2397,High
2026-04-06,BRL,5.2758,High
2026-04-07,BRL,5.2511,High
2026-04-08,BRL,5.3003,High
2026-04-09,BRL,5.2516,High
2026-04-10,BRL,5.3029,High
2026-04-11,BRL,5.2911,High
2026-04-12,BRL,5.2834,High
2026-04-13,BRL,5.2235,High
2026-04-14,BRL,5.2092,High
2026-04-15,BRL,5.1767,High
2026-04-16,BRL,5.1578,High
2026-04-17,BRL,5.1536,High
2026-04-18,BRL,5.1832,High
2026-04-19,BRL,5.1897,High
2026-04-20,BRL,5.1992,High
2026-04-21,BRL,5.1651,High
2026-04-22,BRL,5.1378,High
2026-04-23,BRL,5.1932,High
2026-04-24,BRL,5.1703,High
2026-04-25,BRL,5.2217,High
2026-04-26,BRL,5.2141,High
2026-04-27,BRL,5.2141,High
2026-04-28,BRL,5.2476,High
2026-04-29,BRL,5.2877,High
2026-04-30,BRL,5.2842,High
2026-05-01,BRL,5.2718,High
2026-05-02,BRL,5.2701,High
2026-05-03,BRL,5.2808,High
2026-05-04,BRL,5.309,High
2026-05-05,BRL,5.3091,High
2026-05-06,BRL,5.3289,High
2026-05-07,BRL,5.3812,High
2026-05-08,BRL,5.3936,High
2026-05-09,BRL,5.4036,High
2026-05-10,BRL,5.3544,High
2026-05-11,BRL,5.2699,High
2026-05-12,BRL,5.2822,High
2026-05-13,BRL,5.2791,High
2026-05-14,BRL,5.2628,High
2026-05-15,BRL,5.2705,High
2026-05-16,BRL,5.2686,High
2026-05-17,BRL,5.3043,High
2026-05-18,BRL,5.307,High
2026-05-19,BRL,5.2832,High
2026-05-20,BRL,5.3146,High
2026-05-21,BRL,5.3077,High
2026-05-22,BRL,5.3245,High
2026-05-23,BRL,5.3092,High
2026-05-24,BRL,5.2885,High
2026-05-25,BRL,5.2912,High
2026-05-26,BRL,5.2916,High
2026-05-27,BRL,5.3068,High
2026-05-28,BRL,5.2983,High
2026-05-29,BRL,5.2399,High
2026-05-30,BRL,5.2263,High
2026-05-31,BRL,5.2512,High
2026-06-01,BRL,5.2418,High
2026-06-02,BRL,5.2341,High
2026-06-03,BRL,5.265,High
2026-06-04,BRL,5.2425,High
2026-06-05,BRL,5.194,High
2026-06-06,BRL,5.189,High
2026-06-07,BRL,5.1739,High
2026-06-08,BRL,5.1439,High
2026-06-09,BRL,5.1385,High
2026-06-10,BRL,5.1537,High
2026-06-11,BRL,5.1534,High
2026-06-12,BRL,5.1629,High
2026-06-13,BRL,5.2191,High
2026-06-14,BRL,5.2083,High
2026-06-15,BRL,5.217,High
2026-06-16,BRL,5.2011,High
2026-06-17,BRL,5.1747,High
2026-06-18,BRL,5.1565,High
2026-06-19,BRL,5.1417,High
2026-06-20,BRL,5.1528,High
2026-06-21,BRL,5.2254,High
2026-06-22,BRL,5.203,High
2026-06-23,BRL,5.19,High
2026-06-24,BRL,5.188,High
2026-06-25,BRL,5.2003,High
2026-06-26,BRL,5.2085,High
2026-06-27,BRL,5.2487,High
2026-06-28,BRL,5.1723,High
2026-06-29,BRL,5.0982,High
2026-06-30,BRL,5.083,High
2026-07-01,BRL,5.1165,High
2026-07-02,BRL,5.0684,High
2026-07-03,BRL,4.9769,High
2026-07-04,BRL,4.994,High
2026-07-05,BRL,5.0013,High
2026-07-06,BRL,4.9686,High
2026-07-07,BRL,4.9392,High
2026-07-08,BRL,4.9105,High
2026-07-09,BRL,4.9137,High
2026-07-10,BRL,4.8953,High
2026-07-11,BRL,4.9098,High
2026-07-12,BRL,4.8257,High
2026-07-13,BRL,4.8009,High
2026-07-14,BRL,4.7684,High
2026-07-15,BRL,4.7611,High
2026-07-16,BRL,4.7457,High
2026-07-17,BRL,4.7684,High
2026-07-18,BRL,4.7153,High
2026-07-19,BRL,4.7165,High
2026-07-20,BRL,4.7323,High
2026-07-21,BRL,4.7851,High
2026-07-22,BRL,4.7712,High
2026-07-23,BRL,4.7805,High
2026-07-24,BRL,4.7288,High
2026-07-25,BRL,4.6609,High
2026-07-26,BRL,4.6845,High
2026-07-27,BRL,4.6844,High
2026-07-28,BRL,4.7175,High
2026-07-29,BRL,4.6786,High
2026-07-30,BRL,4.6932,High
2026-07-31,BRL,4.7458,High
2026-08-01,BRL,4.7578,High
2026-08-02,BRL,4.7657,High
2026-08-03,BRL,4.7659,High
2026-08-04,BRL,4.721,High
2026-08-05,BRL,4.7594,High
2026-08-06,BRL,4.742,High
2026-08-07,BRL,4.7563,High
2026-08-08,BRL,4.7117,High
2026-08-09,BRL,4.6784,High
2026-08-10,BRL,4.7187,High
2026-08-11,BRL,4.7088,High
2026-08-12,BRL,4.7499,High
2026-08-13,BRL,4.7477,High
2026-08-14,BRL,4.6952,High
2026-08-15,BRL,4.7203,High
2026-08-16,BRL,4.7036,High
2026-08-17,BRL,4.7233,High
2026-08-18,BRL,4.724,High
2026-08-19,BRL,4.6803,High
2026-08-20,BRL,4.6849,High
2026-08-21,BRL,4.7467,High
2026-08-22,BRL,4.7607,High
2026-08-23,BRL,4.759,High
2026-08-24,BRL,4.7898,High
2026-08-25,BRL,4.7958,High
2026-08-26,BRL,4.8018,High
2026-08-27,BRL,4.7704,High
2026-08-28,BRL,4.7771,High
2026-08-29,BRL,4.8068,High
2026-08-30,BRL,4.7826,High
2026-08-31,BRL,4.8235,High
2026-09-01,BRL,4.8209,High
2026-09-02,BRL,4.7952,High
2026-09-03,BRL,4.8239,High
2026-09-04,BRL,4.8156,High
2026-09-05,BRL,4.8375,High
2026-09-06,BRL,4.8291,High
2026-09-07,BRL,4.8273,High
2026-09-08,BRL,4.8416,High
2026-09-09,BRL,4.8501,High
2026-09-10,BRL,4.792,High
2026-09-11,BRL,4.7598,High
2026-09-12,BRL,4.7863,High
2026-09-13,BRL,4.7825,High
2026-09-14,BRL,4.7675,High
2026-09-15,BRL,4.7286,High
2026-09-16,BRL,4.698,High
2026-09-17,BRL,4.641,High
2026-09-18,BRL,4.6382,High
2026-09-19,BRL,4.6215,High
2026-09-20,BRL,4.5947,High
2026-09-21,BRL,4.5929,High
2026-09-22,BRL,4.6029,High
2026-09-23,BRL,4.6607,High
2026-09-24,BRL,4.6184,High
2026-09-25,BRL,4.6505,High
2026-09-26,BRL,4.6777,High
2026-09-27,BRL,4.6558,High
2026-09-28,BRL,4.6615,High
2026-09-29,BRL,4.6487,High
2026-09-30,BRL,4.6539,High
2026-10-01,BRL,4.696,High
2026-10-02,BRL,4.7131,High
2026-10-03,BRL,4.7275,High
2026-10-04,BRL,4.7153,High
2026-10-05,BRL,4.6733,High
2026-10-06,BRL,4.6674,High
2026-10-07,BRL,4.7012,High
2026-10-08,BRL,4.6581,High
2026-10-09,BRL,4.6287,High
2026-10-10,BRL,4.6322,High
2026-10-11,BRL,4.6048,High
2026-10-12,BRL,4.5829,High
2026-10-13,BRL,4.5713,High
2026-10-14,BRL,4.5338,High
2026-10-15,BRL,4.5073,High
2026-10-16,BRL,4.5263,High
2026-10-17,BRL,4.4908,High
2026-10-18,BRL,4.4478,High
2026-10-19,BRL,4.4309,High
2026-10-20,BRL,4.4504,High
2026-10-21,BRL,4.4451,High
2026-10-22,BRL,4.4328,High
2026-10-23,BRL,4.4339,High
2026-10-24,BRL,4.3875,High
2026-10-25,BRL,4.4005,High
2026-10-26,BRL,4.4106,High
2026-10-27,BRL,4.3998,High
2026-10-28,BRL,4.4264,High
2026-10-29,BRL,4.3964,High
2026-10-30,BRL,4.4262,High
2026-10-31,BRL,4.4303,High
2026-11-01,BRL,4.4213,High
2026-11-02,BRL,4.4208,High
2026-11-03,BRL,4.418,High
2026-11-04,BRL,4.4503,High
2026-11-05,BRL,4.4216,High
2026-11-06,BRL,4.4013,High
2026-11-07,BRL,4.4287,High
2026-11-08,BRL,4.4129,High
2026-11-09,BRL,4.4367,High
2026-11-10,BRL,4.482,High
2026-11-11,BRL,4.4711,High
2026-11-12,BRL,4.4894,High
2026-11-13,BRL,4.4583,High
2026-11-14,BRL,4.4785,High
2026-11-15,BRL,4.4839,High
2026-11-16,BRL,4.4966,High
2026-11-17,BRL,4.4792,High
2026-11-18,BRL,4.4346,High
2026-11-19,BRL,4.448,High
2026-11-20,BRL,4.3929,High
2026-11-21,BRL,4.3845,High
2026-11-22,BRL,4.4093,High
2026-11-23,BRL,4.4144,High
2026-11-24,BRL,4.466,High
2026-11-25,BRL,4.4934,High
2026-11-26,BRL,4.4758,High
2026-11-27,BRL,4.4765,High
2026-11-28,BRL,4.4753,High
2026-11-29,BRL,4.4328,High
2026-11-30,BRL,4.4078,High
2026-12-01,BRL,4.3929,High
2026-12-02,BRL,4.3393,High
2026-12-03,BRL,4.3405,High
2026-12-04,BRL,4.334,High
2026-12-05,BRL,4.2905,High
2026-12-06,BRL,4.3009,High
2026-12-07,BRL,4.3194,High
2026-12-08,BRL,4.3253,High
2026-12-09,BRL,4.3169,High
2026-12-10,BRL,4.3322,High
2026-12-11,BRL,4.3499,High
2026-12-12,BRL,4.3579,High
2026-12-13,BRL,4.3363,High
2026-12-14,BRL,4.3435,High
2026-12-15,BRL,4.3747,High
2026-12-16,BRL,4.359,High
2026-12-17,BRL,4.4139,High
2026-12-18,BRL,4.4,High
2026-12-19,BRL,4.4008,High
2026-12-20,BRL,4.3831,High
2026-12-21,BRL,4.3889,High
2026-12-22,BRL,4.3431,High
2026-12-23,BRL,4.3288,High
2026-12-24,BRL,4.3005,High
2026-12-25,BRL,4.304,High
2026-12-26,BRL,4.3296,High
2026-12-27,BRL,4.3464,High
2026-12-28,BRL,4.2846,High
2026-12-29,BRL,4.3371,High
2026-12-30,BRL,4.3448,High
2026-12-31,BRL,4.3245,High
2026-01-01,MXN,18.5174,High
2026-01-02,MXN,18.537,High
2026-01-03,MXN,18.4628,High
2026-01-04,MXN,18.4848,High
2026-01-05,MXN,18.4174,High
2026-01-06,MXN,18.3727,High
2026-01-07,MXN,18.2971,High
2026-01-08,MXN,18.1398,High
2026-01-09,MXN,18.1557,High
2026-01-10,MXN,18.2194,High
2026-01-11,MXN,18.2757,High
2026-01-12,MXN,18.3656,High
2026-01-13,MXN,18.4013,High
2026-01-14,MXN,18.3425,High
2026-01-15,MXN,18.4349,High
2026-01-16,MXN,18.2848,High
2026-01-17,MXN,18.186,High
2026-01-18,MXN,18.0808,High
2026-01-19,MXN,18.1979,High
2026-01-20,MXN,18.3009,High
2026-01-21,MXN,18.3544,High
2026-01-22,MXN,18.4724,High
2026-01-23,MXN,18.375,High
2026-01-24,MXN,18.4134,High
2026-01-25,MXN,18.3996,High
2026-01-26,MXN,18.4931,High
2026-01-27,MXN,18.4803,High
2026-01-28,MXN,18.4376,High
2026-01-29,MXN,18.4974,High
2026-01-30,MXN,18.5947,High
2026-01-31,MXN,18.5201,High
2026-02-01,MXN,18.5133,High
2026-02-02,MXN,18.3958,High
2026-02-03,MXN,18.12,High
2026-02-04,MXN,18.1418,High
2026-02-05,MXN,18.2081,High
2026-02-06,MXN,18.2367,High
2026-02-07,MXN,18.0234,High
2026-02-08,MXN,17.9855,High
2026-02-09,MXN,17.7461,High
2026-02-10,MXN,17.8919,High
2026-02-11,MXN,17.7753,High
2026-02-12,MXN,17.9092,High
2026-02-13,MXN,18.0109,High
2026-02-14,MXN,17.9135,High
2026-02-15,MXN,17.7918,High
2026-02-16,MXN,17.8292,High
2026-02-17,MXN,17.7389,High
2026-02-18,MXN,17.7498,High
2026-02-19,MXN,17.6984,High
2026-02-20,MXN,17.5092,High
2026-02-21,MXN,17.2749,High
2026-02-22,MXN,17.2984,High
2026-02-23,MXN,17.2401,High
2026-02-24,MXN,17.1829,High
2026-02-25,MXN,17.2546,High
2026-02-26,MXN,17.3761,High
2026-02-27,MXN,17.3477,High
2026-02-28,MXN,17.3123,High
2026-03-01,MXN,17.3642,High
2026-03-02,MXN,17.2228,High
2026-03-03,MXN,17.2459,High
2026-03-04,MXN,17.303,High
2026-03-05,MXN,17.3736,High
2026-03-06,MXN,17.1717,High
2026-03-07,MXN,17.0933,High
2026-03-08,MXN,17.0032,High
2026-03-09,MXN,17.0134,High
2026-03-10,MXN,17.0625,High
2026-03-11,MXN,17.2157,High
2026-03-12,MXN,17.1646,High
2026-03-13,MXN,17.1133,High
2026-03-14,MXN,17.2314,High
2026-03-15,MXN,17.262,High
2026-03-16,MXN,17.3933,High
2026-03-17,MXN,17.4235,High
2026-03-18,MXN,17.3025,High
2026-03-19,MXN,17.1641,High
2026-03-20,MXN,17.0043,High
2026-03-21,MXN,17.0719,High
2026-03-22,MXN,17.1936,High
2026-03-23,MXN,17.3844,High
2026-03-24,MXN,17.4723,High
2026-03-25,MXN,17.5943,High
2026-03-26,MXN,17.533,High
2026-03-27,MXN,17.4114,High
2026-03-28,MXN,17.5002,High
2026-03-29,MXN,17.544,High
2026-03-30,MXN,17.5553,High
2026-03-31,MXN,17.5961,High
2026-04-01,MXN,17.6303,High
2026-04-02,MXN,17.7661,High
2026-04-03,MXN,17.9041,High
2026-04-04,MXN,17.9626,High
2026-04-05,MXN,18.0537,High
2026-04-06,MXN,18.1094,High
2026-04-07,MXN,18.0593,High
2026-04-08,MXN,18.1413,High
2026-04-09,MXN,17.9895,High
2026-04-10,MXN,18.1032,High
2026-04-11,MXN,17.9735,High
2026-04-12,MXN,18.0043,High
2026-04-13,MXN,17.913,High
2026-04-14,MXN,17.9725,High
2026-04-15,MXN,17.9688,High
2026-04-16,MXN,17.7969,High
2026-04-17,MXN,17.8418,High
2026-04-18,MXN,17.78,High
2026-04-19,MXN,17.874,High
2026-04-20,MXN,17.8741,High
2026-04-21,MXN,17.9165,High
2026-04-22,MXN,17.8136,High
2026-04-23,MXN,17.7506,High
2026-04-24,MXN,17.7017,High
2026-04-25,MXN,17.7927,High
2026-04-26,MXN,17.9718,High
2026-04-27,MXN,17.885,High
2026-04-28,MXN,18.0005,High
2026-04-29,MXN,17.7662,High
2026-04-30,MXN,17.6389,High
2026-05-01,MXN,17.5374,High
2026-05-02,MXN,17.3951,High
2026-05-03,MXN,17.2298,High
2026-05-04,MXN,17.2725,High
2026-05-05,MXN,17.2503,High
2026-05-06,MXN,17.2896,High
2026-05-07,MXN,17.3612,High
2026-05-08,MXN,17.3889,High
2026-05-09,MXN,17.4575,High
2026-05-10,MXN,17.4503,High
2026-05-11,MXN,17.326,High
2026-05-12,MXN,17.4359,High
2026-05-13,MXN,17.3743,High
2026-05-14,MXN,17.2768,High
2026-05-15,MXN,17.2583,High
2026-05-16,MXN,17.1638,High
2026-05-17,MXN,17.1208,High
2026-05-18,MXN,17.1562,High
2026-05-19,MXN,17.192,High
2026-05-20,MXN,17.0994,High
2026-05-21,MXN,17.0494,High
2026-05-22,MXN,17.1593,High
2026-05-23,MXN,17.2104,High
2026-05-24,MXN,17.4247,High
2026-05-25,MXN,17.548,High
2026-05-26,MXN,17.6685,High
2026-05-27,MXN,17.5214,High
2026-05-28,MXN,17.6017,High
2026-05-29,MXN,17.5961,High
2026-05-30,MXN,17.5379,High
2026-05-31,MXN,17.5556,High
2026-06-01,MXN,17.6552,High
2026-06-02,MXN,17.7082,High
2026-06-03,MXN,17.6149,High
2026-06-04,MXN,17.6933,High
2026-06-05,MXN,17.6257,High
2026-06-06,MXN,17.6486,High
2026-06-07,MXN,17.6165,High
2026-06-08,MXN,17.5933,High
2026-06-09,MXN,17.6742,High
2026-06-10,MXN,17.5639,High
2026-06-11,MXN,17.7689,High
2026-06-12,MXN,17.5747,High
2026-06-13,MXN,17.5117,High
2026-06-14,MXN,17.5506,High
2026-06-15,MXN,17.6121,High
2026-06-16,MXN,17.6015,High
2026-06-17,MXN,17.5955,High
2026-06-18,MXN,17.6388,High
2026-06-19,MXN,17.6143,High
2026-06-20,MXN,17.7616,High
2026-06-21,MXN,17.851,High
2026-06-22,MXN,17.9445,High
2026-06-23,MXN,17.8405,High
2026-06-24,MXN,17.832,High
2026-06-25,MXN,17.7999,High
2026-06-26,MXN,17.6925,High
2026-06-27,MXN,17.7307,High
2026-06-28,MXN,17.6735,High
2026-06-29,MXN,17.743,High
2026-06-30,MXN,17.6291,High
2026-07-01,MXN,17.8109,High
2026-07-02,MXN,17.7151,High
2026-07-03,MXN,17.7384,High
2026-07-04,MXN,17.8227,High
2026-07-05,MXN,17.7617,High
2026-07-06,MXN,17.8525,High
2026-07-07,MXN,17.7209,High
2026-07-08,MXN,17.8753,High
2026-07-09,MXN,17.8768,High
2026-07-10,MXN,17.8128,High
2026-07-11,MXN,17.7808,High
2026-07-12,MXN,17.8671,High
2026-07-13,MXN,17.8045,High
2026-07-14,MXN,17.7244,High
2026-07-15,MXN,17.7009,High
2026-07-16,MXN,17.5759,High
2026-07-17,MXN,17.7678,High
2026-07-18,MXN,17.7075,High
2026-07-19,MXN,17.7958,High
2026-07-20,MXN,17.8182,High
2026-07-21,MXN,17.7129,High
2026-07-22,MXN,17.7123,High
2026-07-23,MXN,17.7956,High
2026-07-24,MXN,17.7755,High
2026-07-25,MXN,17.9028,High
2026-07-26,MXN,18.0125,High
2026-07-27,MXN,18.1118,High
2026-07-28,MXN,18.0618,High
2026-07-29,MXN,17.9448,High
2026-07-30,MXN,17.8788,High
2026-07-31,MXN,17.8998,High
2026-08-01,MXN,17.9584,High
2026-08-02,MXN,17.7244,High
2026-08-03,MXN,17.7236,High
2026-08-04,MXN,17.7404,High
2026-08-05,MXN,17.7108,High
2026-08-06,MXN,17.8481,High
2026-08-07,MXN,17.8932,High
2026-08-08,MXN,18.0339,High
2026-08-09,MXN,18.0105,High
2026-08-10,MXN,18.1118,High
2026-08-11,MXN,18.2895,High
2026-08-12,MXN,18.4335,High
2026-08-13,MXN,18.3127,High
2026-08-14,MXN,18.2848,High
2026-08-15,MXN,18.2469,High
2026-08-16,MXN,18.3005,High
2026-08-17,MXN,18.3759,High
2026-08-18,MXN,18.2834,High
2026-08-19,MXN,18.2908,High
2026-08-20,MXN,18.0691,High
2026-08-21,MXN,18.2255,High
2026-08-22,MXN,18.1694,High
2026-08-23,MXN,18.1755,High
2026-08-24,MXN,18.1417,High
2026-08-25,MXN,18.2665,High
2026-08-26,MXN,17.9555,High
2026-08-27,MXN,17.9537,High
2026-08-28,MXN,17.9423,High
2026-08-29,MXN,17.8935,High
2026-08-30,MXN,18.0788,High
2026-08-31,MXN,17.9826,High
2026-09-01,MXN,18.0658,High
2026-09-02,MXN,18.1044,High
2026-09-03,MXN,18.2415,High
2026-09-04,MXN,18.1685,High
2026-09-05,MXN,18.0886,High
2026-09-06,MXN,18.2075,High
2026-09-07,MXN,18.254,High
2026-09-08,MXN,18.0848,High
2026-09-09,MXN,18.0263,High
2026-09-10,MXN,18.068,High
2026-09-11,MXN,18.1589,High
2026-09-12,MXN,18.0849,High
2026-09-13,MXN,17.7686,High
2026-09-14,MXN,17.8244,High
2026-09-15,MXN,17.6939,High
2026-09-16,MXN,17.4797,High
2026-09-17,MXN,17.1827,High
2026-09-18,MXN,17.2666,High
2026-09-19,MXN,17.2799,High
2026-09-20,MXN,17.2565,High
2026-09-21,MXN,17.4004,High
2026-09-22,MXN,17.4669,High
2026-09-23,MXN,17.6363,High
2026-09-24,MXN,17.4889,High
2026-09-25,MXN,17.4853,High
2026-09-26,MXN,17.3157,High
2026-09-27,MXN,17.2918,High
2026-09-28,MXN,17.266,High
2026-09-29,MXN,17.331,High
2026-09-30,MXN,17.3357,High
2026-10-01,MXN,17.4005,High
2026-10-02,MXN,17.474,High
2026-10-03,MXN,17.6999,High
2026-10-04,MXN,17.6664,High
2026-10-05,MXN,17.5667,High
2026-10-06,MXN,17.5926,High
2026-10-07,MXN,17.5079,High
2026-10-08,MXN,17.6636,High
2026-10-09,MXN,17.6336,High
2026-10-10,MXN,17.5738,High
2026-10-11,MXN,17.5241,High
2026-10-12,MXN,17.5996,High
2026-10-13,MXN,17.5829,High
2026-10-14,MXN,17.5152,High
2026-10-15,MXN,17.6903,High
2026-10-16,MXN,17.5994,High
2026-10-17,MXN,17.6031,High
2026-10-18,MXN,17.672,High
2026-10-19,MXN,17.4991,High
2026-10-20,MXN,17.5495,High
2026-10-21,MXN,17.4384,High
2026-10-22,MXN,17.5245,High
2026-10-23,MXN,17.4233,High
2026-10-24,MXN,17.4957,High
2026-10-25,MXN,17.6118,High
2026-10-26,MXN,17.7028,High
2026-10-27,MXN,17.7295,High
2026-10-28,MXN,17.7049,High
2026-10-29,MXN,17.6436,High
2026-10-30,MXN,17.7994,High
2026-10-31,MXN,17.7247,High
2026-11-01,MXN,17.6144,High
2026-11-02,MXN,17.6847,High
2026-11-03,MXN,17.6002,High
2026-11-04,MXN,17.4999,High
2026-11-05,MXN,17.3483,High
2026-11-06,MXN,17.2981,High
2026-11-07,MXN,17.2895,High
2026-11-08,MXN,17.3147,High
2026-11-09,MXN,17.4135,High
2026-11-10,MXN,17.4686,High
2026-11-11,MXN,17.4486,High
2026-11-12,MXN,17.4278,High
2026-11-13,MXN,17.4812,High
2026-11-14,MXN,17.6146,High
2026-11-15,MXN,17.628,High
2026-11-16,MXN,17.5784,High
2026-11-17,MXN,17.4736,High
2026-11-18,MXN,17.3221,High
2026-11-19,MXN,17.3914,High
2026-11-20,MXN,17.4517,High
2026-11-21,MXN,17.5121,High
2026-11-22,MXN,17.4986,High
2026-11-23,MXN,17.6463,High
2026-11-24,MXN,17.5951,High
2026-11-25,MXN,17.6959,High
2026-11-26,MXN,17.6918,High
2026-11-27,MXN,17.6272,High
2026-11-28,MXN,17.6899,High
2026-11-29,MXN,17.7334,High
2026-11-30,MXN,17.7714,High
2026-12-01,MXN,17.78,High
2026-12-02,MXN,17.776,High
2026-12-03,MXN,18.0307,High
2026-12-04,MXN,18.1588,High
2026-12-05,MXN,18.2376,High
2026-12-06,MXN,18.2498,High
2026-12-07,MXN,18.3601,High
2026-12-08,MXN,18.4172,High
2026-12-09,MXN,18.4201,High
2026-12-10,MXN,18.3865,High
2026-12-11,MXN,18.3776,High
2026-12-12,MXN,18.028,High
2026-12-13,MXN,18.0508,High
2026-12-14,MXN,17.9979,High
2026-12-15,MXN,18.1699,High
2026-12-16,MXN,18.172,High
2026-12-17,MXN,18.0423,High
2026-12-18,MXN,18.0369,High
2026-12-19,MXN,17.9237,High
2026-12-20,MXN,17.9746,High
2026-12-21,MXN,18.006,High
2026-12-22,MXN,18.1095,High
2026-12-23,MXN,18.0236,High
2026-12-24,MXN,18.0272,High
2026-12-25,MXN,17.8796,High
2026-12-26,MXN,17.9549,High
2026-12-27,MXN,18.0108,High
2026-12-28,MXN,18.0643,High
2026-12-29,MXN,18.0645,High
2026-12-30,MXN,18.1095,High
2026-12-31,MXN,18.2838,High
2026-01-01,ZAR,18.0639,High
2026-01-02,ZAR,18.0814,High
2026-01-03,ZAR,17.9439,High
2026-01-04,ZAR,17.8349,High
2026-01-05,ZAR,17.8471,High
2026-01-06,ZAR,17.985,High
2026-01-07,ZAR,17.9527,High
2026-01-08,ZAR,17.9231,High
2026-01-09,ZAR,17.872,High
2026-01-10,ZAR,17.8051,High
2026-01-11,ZAR,17.8419,High
2026-01-12,ZAR,17.6549,High
2026-01-13,ZAR,17.8132,High
2026-01-14,ZAR,17.7302,High
2026-01-15,ZAR,17.8198,High
2026-01-16,ZAR,17.6614,High
2026-01-17,ZAR,17.7441,High
2026-01-18,ZAR,17.8276,High
2026-01-19,ZAR,17.8755,High
2026-01-20,ZAR,17.7511,High
2026-01-21,ZAR,17.7821,High
2026-01-22,ZAR,17.6348,High
2026-01-23,ZAR,17.6036,High
2026-01-24,ZAR,17.7305,High
2026-01-25,ZAR,17.8294,High
2026-01-26,ZAR,17.8313,High
2026-01-27,ZAR,17.7096,High
2026-01-28,ZAR,17.7896,High
2026-01-29,ZAR,17.792,High
2026-01-30,ZAR,17.503,High
2026-01-31,ZAR,17.5989,High
2026-02-01,ZAR,17.5959,High
2026-02-02,ZAR,17.7441,High
2026-02-03,ZAR,17.608,High
2026-02-04,ZAR,17.2165,High
2026-02-05,ZAR,17.2501,High
2026-02-06,ZAR,17.2853,High
2026-02-07,ZAR,17.0807,High
2026-02-08,ZAR,16.9637,High
2026-02-09,ZAR,17.2909,High
2026-02-10,ZAR,17.2539,High
2026-02-11,ZAR,17.3422,High
2026-02-12,ZAR,17.2632,High
2026-02-13,ZAR,17.0106,High
2026-02-14,ZAR,16.9904,High
2026-02-15,ZAR,16.9588,High
2026-02-16,ZAR,16.9113,High
2026-02-17,ZAR,16.8977,High
2026-02-18,ZAR,16.929,High
2026-02-19,ZAR,16.9112,High
2026-02-20,ZAR,16.7616,High
2026-02-21,ZAR,16.8186,High
2026-02-22,ZAR,16.5891,High
2026-02-23,ZAR,16.351,High
2026-02-24,ZAR,16.4356,High
2026-02-25,ZAR,16.4939,High
2026-02-26,ZAR,16.4873,High
2026-02-27,ZAR,16.3263,High
2026-02-28,ZAR,16.2454,High
2026-03-01,ZAR,16.2155,High
2026-03-02,ZAR,16.0343,High
2026-03-03,ZAR,15.9514,High
2026-03-04,ZAR,16.0242,High
2026-03-05,ZAR,16.1843,High
2026-03-06,ZAR,16.1368,High
2026-03-07,ZAR,16.2223,High
2026-03-08,ZAR,16.0049,High
2026-03-09,ZAR,16.0788,High
2026-03-10,ZAR,15.9883,High
2026-03-11,ZAR,16.0227,High
2026-03-12,ZAR,15.9949,High
2026-03-13,ZAR,16.1428,High
2026-03-14,ZAR,16.0439,High
2026-03-15,ZAR,16.1144,High
2026-03-16,ZAR,16.0829,High
2026-03-17,ZAR,16.0651,High
2026-03-18,ZAR,16.0444,High
2026-03-19,ZAR,15.9494,High
2026-03-20,ZAR,15.9479,High
2026-03-21,ZAR,15.9409,High
2026-03-22,ZAR,15.9678,High
2026-03-23,ZAR,15.9772,High
2026-03-24,ZAR,16.0665,High
2026-03-25,ZAR,16.1703,High
2026-03-26,ZAR,16.0514,High
2026-03-27,ZAR,16.149,High
2026-03-28,ZAR,16.0149,High
2026-03-29,ZAR,16.0808,High
2026-03-30,ZAR,16.1506,High
2026-03-31,ZAR,15.9345,High
2026-04-01,ZAR,15.9449,High
2026-04-02,ZAR,15.8926,High
2026-04-03,ZAR,15.8082,High
2026-04-04,ZAR,15.9577,High
2026-04-05,ZAR,15.8846,High
2026-04-06,ZAR,15.795,High
2026-04-07,ZAR,15.8033,High
2026-04-08,ZAR,15.8792,High
2026-04-09,ZAR,15.8634,High
2026-04-10,ZAR,15.993,High
2026-04-11,ZAR,16.0524,High
2026-04-12,ZAR,15.8076,High
2026-04-13,ZAR,15.7491,High
2026-04-14,ZAR,15.6871,High
2026-04-15,ZAR,15.7398,High
2026-04-16,ZAR,15.4506,High
2026-04-17,ZAR,15.7262,High
2026-04-18,ZAR,15.7847,High
2026-04-19,ZAR,15.8011,High
2026-04-20,ZAR,15.9318,High
2026-04-21,ZAR,16.1932,High
2026-04-22,ZAR,16.2919,High
2026-04-23,ZAR,16.4001,High
2026-04-24,ZAR,16.4151,High
2026-04-25,ZAR,16.3989,High
2026-04-26,ZAR,16.3442,High
2026-04-27,ZAR,16.2497,High
2026-04-28,ZAR,16.1716,High
2026-04-29,ZAR,16.0187,High
2026-04-30,ZAR,16.0102,High
2026-05-01,ZAR,15.8214,High
2026-05-02,ZAR,15.8425,High
2026-05-03,ZAR,15.8385,High
2026-05-04,ZAR,15.8548,High
2026-05-05,ZAR,15.7968,High
2026-05-06,ZAR,16.1371,High
2026-05-07,ZAR,16.2907,High
2026-05-08,ZAR,16.1488,High
2026-05-09,ZAR,16.1751,High
2026-05-10,ZAR,16.1063,High
2026-05-11,ZAR,15.9919,High
2026-05-12,ZAR,15.8419,High
2026-05-13,ZAR,15.8898,High
2026-05-14,ZAR,15.814,High
2026-05-15,ZAR,15.9212,High
2026-05-16,ZAR,16.0319,High
2026-05-17,ZAR,16.1861,High
2026-05-18,ZAR,16.0895,High
2026-05-19,ZAR,16.1431,High
2026-05-20,ZAR,16.2145,High
2026-05-21,ZAR,16.1607,High
2026-05-22,ZAR,16.0734,High
2026-05-23,ZAR,16.2545,High
2026-05-24,ZAR,16.2804,High
2026-05-25,ZAR,16.3529,High
2026-05-26,ZAR,16.2588,High
2026-05-27,ZAR,16.12,High
2026-05-28,ZAR,16.0557,High
2026-05-29,ZAR,16.0418,High
2026-05-30,ZAR,15.9223,High
2026-05-31,ZAR,15.9212,High
2026-06-01,ZAR,15.733,High
2026-06-02,ZAR,15.6097,High
2026-06-03,ZAR,15.683,High
2026-06-04,ZAR,15.7492,High
2026-06-05,ZAR,15.706,High
2026-06-06,ZAR,15.5942,High
2026-06-07,ZAR,15.482,High
2026-06-08,ZAR,15.4415,High
2026-06-09,ZAR,15.5112,High
2026-06-10,ZAR,15.612,High
2026-06-11,ZAR,15.5577,High
2026-06-12,ZAR,15.4321,High
2026-06-13,ZAR,15.4611,High
2026-06-14,ZAR,15.3719,High
2026-06-15,ZAR,15.3162,High
2026-06-16,ZAR,15.4582,High
2026-06-17,ZAR,15.5477,High
2026-06-18,ZAR,15.5649,High
2026-06-19,ZAR,15.4264,High
2026-06-20,ZAR,15.4492,High
2026-06-21,ZAR,15.5641,High
2026-06-22,ZAR,15.5232,High
2026-06-23,ZAR,15.67,High
2026-06-24,ZAR,15.8118,High
2026-06-25,ZAR,15.9959,High
2026-06-26,ZAR,16.0301,High
2026-06-27,ZAR,16.096,High
2026-06-28,ZAR,16.2554,High
2026-06-29,ZAR,16.3063,High
2026-06-30,ZAR,16.2491,High
2026-07-01,ZAR,16.198,High
2026-07-02,ZAR,16.2251,High
2026-07-03,ZAR,16.0785,High
2026-07-04,ZAR,16.0624,High
2026-07-05,ZAR,16.1857,High
2026-07-06,ZAR,15.9374,High
2026-07-07,ZAR,16.1086,High
2026-07-08,ZAR,16.2352,High
2026-07-09,ZAR,16.1829,High
2026-07-10,ZAR,16.2445,High
2026-07-11,ZAR,16.2448,High
2026-07-12,ZAR,16.3847,High
2026-07-13,ZAR,16.4974,High
2026-07-14,ZAR,16.3357,High
2026-07-15,ZAR,16.4029,High
2026-07-16,ZAR,16.3793,High
2026-07-17,ZAR,16.3888,High
2026-07-18,ZAR,16.3052,High
2026-07-19,ZAR,16.5048,High
2026-07-20,ZAR,16.6249,High
2026-07-21,ZAR,16.5388,High
2026-07-22,ZAR,16.3843,High
2026-07-23,ZAR,16.3401,High
2026-07-24,ZAR,16.3898,High
2026-07-25,ZAR,16.4173,High
2026-07-26,ZAR,16.5614,High
2026-07-27,ZAR,16.6529,High
2026-07-28,ZAR,16.7659,High
2026-07-29,ZAR,16.8043,High
2026-07-30,ZAR,16.6409,High
2026-07-31,ZAR,16.6181,High
2026-08-01,ZAR,16.7414,High
2026-08-02,ZAR,16.7354,High
2026-08-03,ZAR,16.7943,High
2026-08-04,ZAR,16.7568,High
2026-08-05,ZAR,16.636,High
2026-08-06,ZAR,16.6217,High
2026-08-07,ZAR,16.6576,High
2026-08-08,ZAR,16.5812,High
2026-08-09,ZAR,16.5538,High
2026-08-10,ZAR,16.445,High
2026-08-11,ZAR,16.5738,High
2026-08-12,ZAR,16.5396,High
2026-08-13,ZAR,16.7078,High
2026-08-14,ZAR,16.8866,High
2026-08-15,ZAR,16.877,High
2026-08-16,ZAR,16.7579,High
2026-08-17,ZAR,16.5132,High
2026-08-18,ZAR,16.3431,High
2026-08-19,ZAR,16.1859,High
2026-08-20,ZAR,16.3421,High
2026-08-21,ZAR,16.3553,High
2026-08-22,ZAR,16.3999,High
2026-08-23,ZAR,16.145,High
2026-08-24,ZAR,16.0096,High
2026-08-25,ZAR,16.1091,High
2026-08-26,ZAR,16.1414,High
2026-08-27,ZAR,16.1248,High
2026-08-28,ZAR,16.1885,High
2026-08-29,ZAR,16.3739,High
2026-08-30,ZAR,16.3485,High
2026-08-31,ZAR,16.3565,High
2026-09-01,ZAR,16.3785,High
2026-09-02,ZAR,16.6528,High
2026-09-03,ZAR,16.4081,High
2026-09-04,ZAR,16.4865,High
2026-09-05,ZAR,16.4733,High
2026-09-06,ZAR,16.5387,High
2026-09-07,ZAR,16.4625,High
2026-09-08,ZAR,16.4569,High
2026-09-09,ZAR,16.5389,High
2026-09-10,ZAR,16.8992,High
2026-09-11,ZAR,16.9948,High
2026-09-12,ZAR,16.8939,High
2026-09-13,ZAR,16.8438,High
2026-09-14,ZAR,16.7904,High
2026-09-15,ZAR,16.5793,High
2026-09-16,ZAR,16.541,High
2026-09-17,ZAR,16.6259,High
2026-09-18,ZAR,16.4776,High
2026-09-19,ZAR,16.5985,High
2026-09-20,ZAR,16.6552,High
2026-09-21,ZAR,16.5696,High
2026-09-22,ZAR,16.5532,High
2026-09-23,ZAR,16.7384,High
2026-09-24,ZAR,16.8243,High
2026-09-25,ZAR,16.8253,High
2026-09-26,ZAR,16.7974,High
2026-09-27,ZAR,16.8064,High
2026-09-28,ZAR,16.7462,High
2026-09-29,ZAR,16.4994,High
2026-09-30,ZAR,16.7353,High
2026-10-01,ZAR,16.7535,High
2026-10-02,ZAR,16.8002,High
2026-10-03,ZAR,16.7934,High
2026-10-04,ZAR,16.707,High
2026-10-05,ZAR,16.6852,High
2026-10-06,ZAR,16.4984,High
2026-10-07,ZAR,16.7614,High
2026-10-08,ZAR,16.6165,High
2026-10-09,ZAR,16.4965,High
2026-10-10,ZAR,16.4457,High
2026-10-11,ZAR,16.594,High
2026-10-12,ZAR,16.5956,High
2026-10-13,ZAR,16.452,High
2026-10-14,ZAR,16.5965,High
2026-10-15,ZAR,16.6814,High
2026-10-16,ZAR,16.7443,High
2026-10-17,ZAR,16.8282,High
2026-10-18,ZAR,17.1102,High
2026-10-19,ZAR,17.3719,High
2026-10-20,ZAR,17.2884,High
2026-10-21,ZAR,17.485,High
2026-10-22,ZAR,17.5319,High
2026-10-23,ZAR,17.5931,High
2026-10-24,ZAR,17.3847,High
2026-10-25,ZAR,17.364,High
2026-10-26,ZAR,17.2652,High
2026-10-27,ZAR,17.3652,High
2026-10-28,ZAR,17.4954,High
2026-10-29,ZAR,17.2414,High
2026-10-30,ZAR,17.2387,High
2026-10-31,ZAR,17.3741,High
2026-11-01,ZAR,17.3514,High
2026-11-02,ZAR,17.4399,High
2026-11-03,ZAR,17.4828,High
2026-11-04,ZAR,17.5246,High
2026-11-05,ZAR,17.4913,High
2026-11-06,ZAR,17.3424,High
2026-11-07,ZAR,17.2062,High
2026-11-08,ZAR,17.2917,High
2026-11-09,ZAR,17.294,High
2026-11-10,ZAR,17.2773,High
2026-11-11,ZAR,17.226,High
2026-11-12,ZAR,17.1892,High
2026-11-13,ZAR,17.3152,High
2026-11-14,ZAR,17.2745,High
2026-11-15,ZAR,17.1124,High
2026-11-16,ZAR,17.2014,High
2026-11-17,ZAR,17.1768,High
2026-11-18,ZAR,17.1806,High
2026-11-19,ZAR,17.3739,High
2026-11-20,ZAR,17.3714,High
2026-11-21,ZAR,17.4065,High
2026-11-22,ZAR,17.2629,High
2026-11-23,ZAR,17.2364,High
2026-11-24,ZAR,17.3099,High
2026-11-25,ZAR,17.1214,High
2026-11-26,ZAR,17.1455,High
2026-11-27,ZAR,17.1576,High
2026-11-28,ZAR,17.1626,High
2026-11-29,ZAR,17.2872,High
2026-11-30,ZAR,17.3276,High
2026-12-01,ZAR,17.5069,High
2026-12-02,ZAR,17.3852,High
2026-12-03,ZAR,17.4017,High
2026-12-04,ZAR,17.412,High
2026-12-05,ZAR,17.2817,High
2026-12-06,ZAR,17.3973,High
2026-12-07,ZAR,17.6804,High
2026-12-08,ZAR,17.6783,High
2026-12-09,ZAR,17.7408,High
2026-12-10,ZAR,17.7513,High
2026-12-11,ZAR,17.6627,High
2026-12-12,ZAR,17.4375,High
2026-12-13,ZAR,17.3514,High
2026-12-14,ZAR,17.1823,High
2026-12-15,ZAR,17.3873,High
2026-12-16,ZAR,17.3733,High
2026-12-17,ZAR,17.3312,High
2026-12-18,ZAR,17.4391,High
2026-12-19,ZAR,17.3022,High
2026-12-20,ZAR,17.2093,High
2026-12-21,ZAR,17.2175,High
2026-12-22,ZAR,17.3415,High
2026-12-23,ZAR,17.4024,High
2026-12-24,ZAR,17.4326,High
2026-12-25,ZAR,17.4421,High
2026-12-26,ZAR,17.491,High
2026-12-27,ZAR,17.5157,High
2026-12-28,ZAR,17.3894,High
2026-12-29,ZAR,17.395,High
2026-12-30,ZAR,17.2643,High
2026-12-31,ZAR,17.2741,High
2026-01-01,KES,128.628,High
2026-01-02,KES,130.5878,High
2026-01-03,KES,130.5565,High
2026-01-04,KES,129.4565,High
2026-01-05,KES,129.3523,High
2026-01-06,KES,129.7554,High
2026-01-07,KES,131.0582,High
2026-01-08,KES,130.5946,High
2026-01-09,KES,129.3547,High
2026-01-10,KES,129.9887,High
2026-01-11,KES,128.9119,High
2026-01-12,KES,128.5746,High
2026-01-13,KES,128.3758,High
2026-01-14,KES,128.3222,High
2026-01-15,KES,128.8528,High
2026-01-16,KES,128.3243,High
2026-01-17,KES,128.1135,High
2026-01-18,KES,128.1025,High
2026-01-19,KES,128.2175,High
2026-01-20,KES,128.2928,High
2026-01-21,KES,128.6284,High
2026-01-22,KES,129.2796,High
2026-01-23,KES,129.5842,High
2026-01-24,KES,129.9369,High
2026-01-25,KES,128.7033,High
2026-01-26,KES,128.7421,High
2026-01-27,KES,129.1125,High
2026-01-28,KES,129.6772,High
2026-01-29,KES,129.1385,High
2026-01-30,KES,128.6279,High
2026-01-31,KES,128.1848,High
2026-02-01,KES,128.5974,High
2026-02-02,KES,129.3951,High
2026-02-03,KES,129.0787,High
2026-02-04,KES,129.7819,High
2026-02-05,KES,129.8781,High
2026-02-06,KES,129.7812,High
2026-02-07,KES,129.6166,High
2026-02-08,KES,130.1973,High
2026-02-09,KES,130.4516,High
2026-02-10,KES,132.2329,High
2026-02-11,KES,131.5568,High
2026-02-12,KES,131.9657,High
2026-02-13,KES,131.5467,High
2026-02-14,KES,130.8606,High
2026-02-15,KES,130.8521,High
2026-02-16,KES,130.9599,High
2026-02-17,KES,133.2529,High
2026-02-18,KES,133.1057,High
2026-02-19,KES,132.2031,High
2026-02-20,KES,132.4196,High
2026-02-21,KES,130.7713,High
2026-02-22,KES,130.6991,High
2026-02-23,KES,130.7117,High
2026-02-24,KES,131.3349,High
2026-02-25,KES,132.1021,High
2026-02-26,KES,131.703,High
2026-02-27,KES,131.5839,High
2026-02-28,KES,130.9791,High
2026-03-01,KES,130.0926,High
2026-03-02,KES,130.3345,High
2026-03-03,KES,129.3385,High
2026-03-04,KES,129.0167,High
2026-03-05,KES,128.2464,High
2026-03-06,KES,128.6694,High
2026-03-07,KES,130.0601,High
2026-03-08,KES,129.0444,High
2026-03-09,KES,127.6096,High
2026-03-10,KES,127.514,High
2026-03-11,KES,127.526,High
2026-03-12,KES,127.6933,High
2026-03-13,KES,127.3514,High
2026-03-14,KES,127.1981,High
2026-03-15,KES,127.4786,High
2026-03-16,KES,128.2744,High
2026-03-17,KES,126.7697,High
2026-03-18,KES,126.489,High
2026-03-19,KES,126.6513,High
2026-03-20,KES,125.9537,High
2026-03-21,KES,127.262,High
2026-03-22,KES,126.7768,High
2026-03-23,KES,126.7454,High
2026-03-24,KES,127.1683,High
2026-03-25,KES,126.7171,High
2026-03-26,KES,125.3132,High
2026-03-27,KES,124.9909,High
2026-03-28,KES,125.7629,High
2026-03-29,KES,125.5087,High
2026-03-30,KES,124.8713,High
2026-03-31,KES,125.5648,High
2026-04-01,KES,125.3156,High
2026-04-02,KES,124.932,High
2026-04-03,KES,125.044,High
2026-04-04,KES,125.6223,High
2026-04-05,KES,127.4175,High
2026-04-06,KES,128.0499,High
2026-04-07,KES,128.941,High
2026-04-08,KES,128.5496,High
2026-04-09,KES,127.7583,High
2026-04-10,KES,127.8061,High
2026-04-11,KES,127.8883,High
2026-04-12,KES,127.0607,High
2026-04-13,KES,126.9271,High
2026-04-14,KES,127.2312,High
2026-04-15,KES,127.5063,High
2026-04-16,KES,127.8921,High
2026-04-17,KES,128.1154,High
2026-04-18,KES,127.7256,High
2026-04-19,KES,127.3318,High
2026-04-20,KES,126.4158,High
2026-04-21,KES,127.7696,High
2026-04-22,KES,127.7799,High
2026-04-23,KES,127.6075,High
2026-04-24,KES,126.8964,High
2026-04-25,KES,129.1315,High
2026-04-26,KES,128.2999,High
2026-04-27,KES,127.9698,High
2026-04-28,KES,128.2891,High
2026-04-29,KES,128.7511,High
2026-04-30,KES,129.4911,High
2026-05-01,KES,130.8955,High
2026-05-02,KES,131.293,High
2026-05-03,KES,130.4611,High
2026-05-04,KES,130.26,High
2026-05-05,KES,130.5006,High
2026-05-06,KES,132.12,High
2026-05-07,KES,131.0119,High
2026-05-08,KES,131.9572,High
2026-05-09,KES,132.0997,High
2026-05-10,KES,132.7638,High
2026-05-11,KES,132.6825,High
2026-05-12,KES,132.0119,High
2026-05-13,KES,132.6066,High
2026-05-14,KES,133.1273,High
2026-05-15,KES,133.9037,High
2026-05-16,KES,133.893,High
2026-05-17,KES,133.4112,High
2026-05-18,KES,132.1634,High
2026-05-19,KES,132.8132,High
2026-05-20,KES,133.1509,High
2026-05-21,KES,132.3794,High
2026-05-22,KES,131.9516,High
2026-05-23,KES,131.5821,High
2026-05-24,KES,130.4113,High
2026-05-25,KES,129.7715,High
2026-05-26,KES,128.8886,High
2026-05-27,KES,128.5696,High
2026-05-28,KES,127.9998,High
2026-05-29,KES,126.7503,High
2026-05-30,KES,128.2884,High
2026-05-31,KES,129.2526,High
2026-06-01,KES,128.6484,High
2026-06-02,KES,128.8587,High
2026-06-03,KES,129.1815,High
2026-06-04,KES,130.1047,High
2026-06-05,KES,129.4656,High
2026-06-06,KES,130.314,High
2026-06-07,KES,129.8856,High
2026-06-08,KES,128.8445,High
2026-06-09,KES,129.4043,High
2026-06-10,KES,130.4065,High
2026-06-11,KES,132.4314,High
2026-06-12,KES,131.4781,High
2026-06-13,KES,132.0294,High
2026-06-14,KES,131.7048,High
2026-06-15,KES,132.3238,High
2026-06-16,KES,131.1564,High
2026-06-17,KES,130.1626,High
2026-06-18,KES,129.5567,High
2026-06-19,KES,129.6181,High
2026-06-20,KES,129.1195,High
2026-06-21,KES,129.6301,High
2026-06-22,KES,130.4288,High
2026-06-23,KES,130.898,High
2026-06-24,KES,132.1694,High
2026-06-25,KES,132.4991,High
2026-06-26,KES,131.5317,High
2026-06-27,KES,132.6077,High
2026-06-28,KES,132.1262,High
2026-06-29,KES,132.8479,High
2026-06-30,KES,134.1023,High
2026-07-01,KES,134.4698,High
2026-07-02,KES,133.2627,High
2026-07-03,KES,132.5285,High
2026-07-04,KES,133.5803,High
2026-07-05,KES,133.4447,High
2026-07-06,KES,133.5084,High
2026-07-07,KES,134.1163,High
2026-07-08,KES,134.6766,High
2026-07-09,KES,134.9019,High
2026-07-10,KES,134.733,High
2026-07-11,KES,134.4803,High
2026-07-12,KES,135.1725,High
2026-07-13,KES,135.6214,High
2026-07-14,KES,135.4121,High
2026-07-15,KES,136.2913,High
2026-07-16,KES,136.1857,High
2026-07-17,KES,135.4898,High
2026-07-18,KES,134.8728,High
2026-07-19,KES,134.0808,High
2026-07-20,KES,133.8617,High
2026-07-21,KES,134.8525,High
2026-07-22,KES,134.2011,High
2026-07-23,KES,134.3529,High
2026-07-24,KES,133.8235,High
2026-07-25,KES,133.6145,High
2026-07-26,KES,132.4039,High
2026-07-27,KES,132.2287,High
2026-07-28,KES,132.0751,High
2026-07-29,KES,132.5032,High
2026-07-30,KES,132.6807,High
2026-07-31,KES,131.7267,High
2026-08-01,KES,132.5836,High
2026-08-02,KES,132.7509,High
2026-08-03,KES,132.9089,High
2026-08-04,KES,132.9016,High
2026-08-05,KES,132.4887,High
2026-08-06,KES,132.6619,High
2026-08-07,KES,133.0404,High
2026-08-08,KES,131.646,High
2026-08-09,KES,131.2204,High
2026-08-10,KES,131.0197,High
2026-08-11,KES,131.2211,High
2026-08-12,KES,132.1606,High
2026-08-13,KES,131.5486,High
2026-08-14,KES,131.1556,High
2026-08-15,KES,130.7523,High
2026-08-16,KES,130.1235,High
2026-08-17,KES,129.8524,High
2026-08-18,KES,130.4529,High
2026-08-19,KES,129.6281,High
2026-08-20,KES,129.9608,High
2026-08-21,KES,128.6337,High
2026-08-22,KES,128.2005,High
2026-08-23,KES,127.9471,High
2026-08-24,KES,129.2328,High
2026-08-25,KES,129.0197,High
2026-08-26,KES,127.3157,High
2026-08-27,KES,125.7888,High
2026-08-28,KES,125.8145,High
2026-08-29,KES,126.2778,High
2026-08-30,KES,126.5623,High
2026-08-31,KES,126.6895,High
2026-09-01,KES,127.573,High
2026-09-02,KES,127.16,High
2026-09-03,KES,127.8427,High
2026-09-04,KES,126.5909,High
2026-09-05,KES,125.9035,High
2026-09-06,KES,124.5385,High
2026-09-07,KES,124.3331,High
2026-09-08,KES,124.2986,High
2026-09-09,KES,124.3837,High
2026-09-10,KES,124.4299,High
2026-09-11,KES,123.7374,High
2026-09-12,KES,123.5961,High
2026-09-13,KES,122.4857,High
2026-09-14,KES,123.4875,High
2026-09-15,KES,123.2626,High
2026-09-16,KES,122.901,High
2026-09-17,KES,124.0727,High
2026-09-18,KES,123.1479,High
2026-09-19,KES,122.3162,High
2026-09-20,KES,121.5117,High
2026-09-21,KES,121.4622,High
2026-09-22,KES,121.7768,High
2026-09-23,KES,122.3172,High
2026-09-24,KES,124.2048,High
2026-09-25,KES,122.5285,High
2026-09-26,KES,122.976,High
2026-09-27,KES,122.5649,High
2026-09-28,KES,122.1337,High
2026-09-29,KES,121.6795,High
2026-09-30,KES,121.016,High
2026-10-01,KES,122.2392,High
2026-10-02,KES,122.8569,High
2026-10-03,KES,122.874,High
2026-10-04,KES,123.8701,High
2026-10-05,KES,122.7459,High
2026-10-06,KES,121.7659,High
2026-10-07,KES,120.1747,High
2026-10-08,KES,119.6704,High
2026-10-09,KES,119.7865,High
2026-10-10,KES,119.8604,High
2026-10-11,KES,119.9678,High
2026-10-12,KES,118.9521,High
2026-10-13,KES,119.5253,High
2026-10-14,KES,119.6972,High
2026-10-15,KES,120.2237,High
2026-10-16,KES,118.8583,High
2026-10-17,KES,119.0805,High
2026-10-18,KES,118.2318,High
2026-10-19,KES,117.95,High
2026-10-20,KES,118.3281,High
2026-10-21,KES,118.3928,High
2026-10-22,KES,117.7879,High
2026-10-23,KES,117.7924,High
2026-10-24,KES,116.7099,High
2026-10-25,KES,117.5154,High
2026-10-26,KES,117.3707,High
2026-10-27,KES,118.1584,High
2026-10-28,KES,117.7851,High
2026-10-29,KES,117.4151,High
2026-10-30,KES,116.8767,High
2026-10-31,KES,117.4911,High
2026-11-01,KES,116.991,High
2026-11-02,KES,117.4435,High
2026-11-03,KES,117.174,High
2026-11-04,KES,115.7848,High
2026-11-05,KES,115.3886,High
2026-11-06,KES,114.5723,High
2026-11-07,KES,114.5956,High
2026-11-08,KES,113.7771,High
2026-11-09,KES,114.4092,High
2026-11-10,KES,114.3467,High
2026-11-11,KES,114.2249,High
2026-11-12,KES,114.6744,High
2026-11-13,KES,115.3376,High
2026-11-14,KES,115.3237,High
2026-11-15,KES,114.7901,High
2026-11-16,KES,113.5682,High
2026-11-17,KES,113.1008,High
2026-11-18,KES,112.6819,High
2026-11-19,KES,112.7543,High
2026-11-20,KES,112.5208,High
2026-11-21,KES,112.9852,High
2026-11-22,KES,112.5697,High
2026-11-23,KES,112.5312,High
2026-11-24,KES,113.3306,High
2026-11-25,KES,113.563,High
2026-11-26,KES,113.5221,High
2026-11-27,KES,113.1121,High
2026-11-28,KES,112.6823,High
2026-11-29,KES,112.1073,High
2026-11-30,KES,111.7433,High
2026-12-01,KES,112.25,High
2026-12-02,KES,112.1005,High
2026-12-03,KES,111.1927,High
2026-12-04,KES,112.3723,High
2026-12-05,KES,112.5881,High
2026-12-06,KES,111.6376,High
2026-12-07,KES,111.3417,High
2026-12-08,KES,111.4158,High
2026-12-09,KES,112.5553,High
2026-12-10,KES,111.8069,High
2026-12-11,KES,112.4617,High
2026-12-12,KES,113.406,High
2026-12-13,KES,112.9783,High
2026-12-14,KES,112.7901,High
2026-12-15,KES,112.0888,High
2026-12-16,KES,111.952,High
2026-12-17,KES,111.9274,High
2026-12-18,KES,112.3704,High
2026-12-19,KES,113.1054,High
2026-12-20,KES,112.5978,High
2026-12-21,KES,111.2687,High
2026-12-22,KES,111.2545,High
2026-12-23,KES,111.4504,High
2026-12-24,KES,111.6172,High
2026-12-25,KES,111.3984,High
2026-12-26,KES,111.4818,High
2026-12-27,KES,112.4955,High
2026-12-28,KES,112.7531,High
2026-12-29,KES,112.5006,High
2026-12-30,KES,112.1629,High
2026-12-31,KES,112.0486,High
2026-01-01,NGN,1550.0337,High
2026-01-02,NGN,1547.7607,High
2026-01-03,NGN,1547.5156,High
2026-01-04,NGN,1541.5445,High
2026-01-05,NGN,1555.0976,High
2026-01-06,NGN,1579.4795,High
2026-01-07,NGN,1585.1734,High
2026-01-08,NGN,1586.223,High
2026-01-09,NGN,1586.6898,High
2026-01-10,NGN,1556.4246,High
2026-01-11,NGN,1565.7027,High
2026-01-12,NGN,1567.3832,High
2026-01-13,NGN,1572.7542,High
2026-01-14,NGN,1563.8026,High
2026-01-15,NGN,1558.9929,High
2026-01-16,NGN,1553.8666,High
2026-01-17,NGN,1566.5663,High
2026-01-18,NGN,1561.8195,High
2026-01-19,NGN,1587.8414,High
2026-01-20,NGN,1593.3146,High
2026-01-21,NGN,1577.0541,High
2026-01-22,NGN,1575.4323,High
2026-01-23,NGN,1567.2189,High
2026-01-24,NGN,1539.7063,High
2026-01-25,NGN,1559.408,High
2026-01-26,NGN,1568.1799,High
2026-01-27,NGN,1574.8692,High
2026-01-28,NGN,1576.9531,High
2026-01-29,NGN,1559.5181,High
2026-01-30,NGN,1553.4844,High
2026-01-31,NGN,1563.946,High
2026-02-01,NGN,1550.7936,High
2026-02-02,NGN,1519.3836,High
2026-02-03,NGN,1516.6231,High
2026-02-04,NGN,1514.9031,High
2026-02-05,NGN,1516.546,High
2026-02-06,NGN,1525.3847,High
2026-02-07,NGN,1533.1655,High
2026-02-08,NGN,1536.3393,High
2026-02-09,NGN,1551.0333,High
2026-02-10,NGN,1532.1855,High
2026-02-11,NGN,1538.3704,High
2026-02-12,NGN,1546.0812,High
2026-02-13,NGN,1530.7495,High
2026-02-14,NGN,1512.3453,High
2026-02-15,NGN,1503.3204,High
2026-02-16,NGN,1495.3643,High
2026-02-17,NGN,1504.3774,High
2026-02-18,NGN,1496.9814,High
2026-02-19,NGN,1486.7259,High
2026-02-20,NGN,1479.4512,High
2026-02-21,NGN,1492.6909,High
2026-02-22,NGN,1492.8467,High
2026-02-23,NGN,1490.7059,High
2026-02-24,NGN,1489.394,High
2026-02-25,NGN,1504.7891,High
2026-02-26,NGN,1495.7704,High
2026-02-27,NGN,1511.512,High
2026-02-28,NGN,1514.0573,High
2026-03-01,NGN,1512.1142,High
2026-03-02,NGN,1542.3674,High
2026-03-03,NGN,1529.3419,High
2026-03-04,NGN,1525.0147,High
2026-03-05,NGN,1509.9789,High
2026-03-06,NGN,1521.4845,High
2026-03-07,NGN,1542.0451,High
2026-03-08,NGN,1562.6458,High
2026-03-09,NGN,1577.9466,High
2026-03-10,NGN,1575.4519,High
2026-03-11,NGN,1570.8486,High
2026-03-12,NGN,1549.8473,High
2026-03-13,NGN,1575.0897,High
2026-03-14,NGN,1580.9992,High
2026-03-15,NGN,1574.7769,High
2026-03-16,NGN,1591.508,High
2026-03-17,NGN,1579.1227,High
2026-03-18,NGN,1584.2596,High
2026-03-19,NGN,1582.0717,High
2026-03-20,NGN,1590.1551,High
2026-03-21,NGN,1589.3464,High
2026-03-22,NGN,1570.8982,High
2026-03-23,NGN,1571.848,High
2026-03-24,NGN,1585.0372,High
2026-03-25,NGN,1584.6667,High
2026-03-26,NGN,1594.4931,High
2026-03-27,NGN,1581.1564,High
2026-03-28,NGN,1580.8242,High
2026-03-29,NGN,1572.9263,High
2026-03-30,NGN,1582.3259,High
2026-03-31,NGN,1582.7245,High
2026-04-01,NGN,1591.4621,High
2026-04-02,NGN,1605.3105,High
2026-04-03,NGN,1614.1926,High
2026-04-04,NGN,1617.7195,High
2026-04-05,NGN,1604.8009,High
2026-04-06,NGN,1604.7651,High
2026-04-07,NGN,1597.9212,High
2026-04-08,NGN,1593.5229,High
2026-04-09,NGN,1588.7483,High
2026-04-10,NGN,1576.2935,High
2026-04-11,NGN,1551.6107,High
2026-04-12,NGN,1543.3172,High
2026-04-13,NGN,1545.7047,High
2026-04-14,NGN,1529.0337,High
2026-04-15,NGN,1529.2255,High
2026-04-16,NGN,1552.473,High
2026-04-17,NGN,1565.1791,High
2026-04-18,NGN,1585.7586,High
2026-04-19,NGN,1590.7205,High
2026-04-20,NGN,1605.578,High
2026-04-21,NGN,1596.2789,High
2026-04-22,NGN,1588.0505,High
2026-04-23,NGN,1553.2514,High
2026-04-24,NGN,1567.9904,High
2026-04-25,NGN,1587.3122,High
2026-04-26,NGN,1580.2876,High
2026-04-27,NGN,1577.0771,High
2026-04-28,NGN,1567.5659,High
2026-04-29,NGN,1572.3646,High
2026-04-30,NGN,1586.515,High
2026-05-01,NGN,1564.3956,High
2026-05-02,NGN,1569.5197,High
2026-05-03,NGN,1566.0458,High
2026-05-04,NGN,1567.4665,High
2026-05-05,NGN,1573.2221,High
2026-05-06,NGN,1570.8534,High
2026-05-07,NGN,1569.5517,High
2026-05-08,NGN,1566.8662,High
2026-05-09,NGN,1579.029,High
2026-05-10,NGN,1584.3189,High
2026-05-11,NGN,1587.1147,High
2026-05-12,NGN,1570.9775,High
2026-05-13,NGN,1566.2196,High
2026-05-14,NGN,1577.4797,High
2026-05-15,NGN,1577.9554,High
2026-05-16,NGN,1586.2811,High
2026-05-17,NGN,1608.6986,High
2026-05-18,NGN,1622.065,High
2026-05-19,NGN,1623.2739,High
2026-05-20,NGN,1616.6381,High
2026-05-21,NGN,1583.6128,High
2026-05-22,NGN,1581.4795,High
2026-05-23,NGN,1577.3549,High
2026-05-24,NGN,1582.2808,High
2026-05-25,NGN,1580.3327,High
2026-05-26,NGN,1576.2821,High
2026-05-27,NGN,1553.8435,High
2026-05-28,NGN,1542.159,High
2026-05-29,NGN,1548.0395,High
2026-05-30,NGN,1569.2899,High
2026-05-31,NGN,1568.0655,High
2026-06-01,NGN,1572.1777,High
2026-06-02,NGN,1584.1575,High
2026-06-03,NGN,1573.8808,High
2026-06-04,NGN,1578.4994,High
2026-06-05,NGN,1569.1485,High
2026-06-06,NGN,1580.0048,High
2026-06-07,NGN,1581.9185,High
2026-06-08,NGN,1585.6955,High
2026-06-09,NGN,1575.7678,High
2026-06-10,NGN,1584.6808,High
2026-06-11,NGN,1611.1096,High
2026-06-12,NGN,1598.1188,High
2026-06-13,NGN,1593.775,High
2026-06-14,NGN,1596.728,High
2026-06-15,NGN,1606.7734,High
2026-06-16,NGN,1599.5809,High
2026-06-17,NGN,1563.3276,High
2026-06-18,NGN,1580.3265,High
2026-06-19,NGN,1589.9413,High
2026-06-20,NGN,1567.7718,High
2026-06-21,NGN,1560.1515,High
2026-06-22,NGN,1579.7244,High
2026-06-23,NGN,1598.0213,High
2026-06-24,NGN,1610.0211,High
2026-06-25,NGN,1607.7527,High
2026-06-26,NGN,1608.8201,High
2026-06-27,NGN,1607.135,High
2026-06-28,NGN,1621.6409,High
2026-06-29,NGN,1610.2784,High
2026-06-30,NGN,1599.898,High
2026-07-01,NGN,1612.8286,High
2026-07-02,NGN,1612.2563,High
2026-07-03,NGN,1630.0358,High
2026-07-04,NGN,1621.2791,High
2026-07-05,NGN,1620.5686,High
2026-07-06,NGN,1608.6099,High
2026-07-07,NGN,1608.7047,High
2026-07-08,NGN,1589.6763,High
2026-07-09,NGN,1583.4749,High
2026-07-10,NGN,1565.2807,High
2026-07-11,NGN,1573.9702,High
2026-07-12,NGN,1582.9933,High
2026-07-13,NGN,1561.0814,High
2026-07-14,NGN,1577.7398,High
2026-07-15,NGN,1609.262,High
2026-07-16,NGN,1609.8543,High
2026-07-17,NGN,1601.5974,High
2026-07-18,NGN,1637.785,High
2026-07-19,NGN,1620.5035,High
2026-07-20,NGN,1620.7641,High
2026-07-21,NGN,1623.0931,High
2026-07-22,NGN,1640.5595,High
2026-07-23,NGN,1645.2809,High
2026-07-24,NGN,1638.7178,High
2026-07-25,NGN,1626.248,High
2026-07-26,NGN,1621.8009,High
2026-07-27,NGN,1608.7366,High
2026-07-28,NGN,1609.3521,High
2026-07-29,NGN,1602.0882,High
2026-07-30,NGN,1582.9396,High
2026-07-31,NGN,1598.8341,High
2026-08-01,NGN,1592.4686,High
2026-08-02,NGN,1576.3128,High
2026-08-03,NGN,1574.191,High
2026-08-04,NGN,1575.052,High
2026-08-05,NGN,1553.0458,High
2026-08-06,NGN,1557.1663,High
2026-08-07,NGN,1544.1215,High
2026-08-08,NGN,1565.2578,High
2026-08-09,NGN,1571.8189,High
2026-08-10,NGN,1566.7903,High
2026-08-11,NGN,1557.4502,High
2026-08-12,NGN,1556.1423,High
2026-08-13,NGN,1563.771,High
2026-08-14,NGN,1563.4521,High
2026-08-15,NGN,1560.7359,High
2026-08-16,NGN,1561.4647,High
2026-08-17,NGN,1553.9215,High
2026-08-18,NGN,1549.655,High
2026-08-19,NGN,1523.7969,High
2026-08-20,NGN,1535.667,High
2026-08-21,NGN,1539.3378,High
2026-08-22,NGN,1529.813,High
2026-08-23,NGN,1553.0506,High
2026-08-24,NGN,1554.1318,High
2026-08-25,NGN,1541.2493,High
2026-08-26,NGN,1551.8129,High
2026-08-27,NGN,1556.7545,High
2026-08-28,NGN,1561.6686,High
2026-08-29,NGN,1556.3495,High
2026-08-30,NGN,1561.9585,High
2026-08-31,NGN,1558.6877,High
2026-09-01,NGN,1565.62,High
2026-09-02,NGN,1541.7606,High
2026-09-03,NGN,1536.4092,High
2026-09-04,NGN,1557.5767,High
2026-09-05,NGN,1548.0185,High
2026-09-06,NGN,1540.5405,High
2026-09-07,NGN,1535.0197,High
2026-09-08,NGN,1520.1017,High
2026-09-09,NGN,1493.2472,High
2026-09-10,NGN,1490.4926,High
2026-09-11,NGN,1492.1126,High
2026-09-12,NGN,1491.4858,High
2026-09-13,NGN,1489.7572,High
2026-09-14,NGN,1490.2701,High
2026-09-15,NGN,1502.4646,High
2026-09-16,NGN,1500.1755,High
2026-09-17,NGN,1493.2857,High
2026-09-18,NGN,1489.9273,High
2026-09-19,NGN,1496.8328,High
2026-09-20,NGN,1513.7413,High
2026-09-21,NGN,1506.1345,High
2026-09-22,NGN,1507.3266,High
2026-09-23,NGN,1511.4067,High
2026-09-24,NGN,1499.4052,High
2026-09-25,NGN,1499.6501,High
2026-09-26,NGN,1482.0661,High
2026-09-27,NGN,1461.0913,High
2026-09-28,NGN,1465.3781,High
2026-09-29,NGN,1460.878,High
2026-09-30,NGN,1463.242,High
2026-10-01,NGN,1463.0326,High
2026-10-02,NGN,1451.6045,High
2026-10-03,NGN,1451.079,High
2026-10-04,NGN,1436.7644,High
2026-10-05,NGN,1452.7524,High
2026-10-06,NGN,1436.9932,High
2026-10-07,NGN,1434.7425,High
2026-10-08,NGN,1422.7794,High
2026-10-09,NGN,1429.272,High
2026-10-10,NGN,1425.4824,High
2026-10-11,NGN,1419.5676,High
2026-10-12,NGN,1429.257,High
2026-10-13,NGN,1429.5935,High
2026-10-14,NGN,1435.5023,High
2026-10-15,NGN,1424.2327,High
2026-10-16,NGN,1408.2264,High
2026-10-17,NGN,1409.4342,High
2026-10-18,NGN,1405.839,High
2026-10-19,NGN,1412.8844,High
2026-10-20,NGN,1411.9812,High
2026-10-21,NGN,1414.2977,High
2026-10-22,NGN,1395.9301,High
2026-10-23,NGN,1417.0191,High
2026-10-24,NGN,1415.1572,High
2026-10-25,NGN,1423.0548,High
2026-10-26,NGN,1413.5364,High
2026-10-27,NGN,1417.0194,High
2026-10-28,NGN,1402.2502,High
2026-10-29,NGN,1407.3215,High
2026-10-30,NGN,1403.3137,High
2026-10-31,NGN,1403.6414,High
2026-11-01,NGN,1411.4791,High
2026-11-02,NGN,1397.5614,High
2026-11-03,NGN,1389.9085,High
2026-11-04,NGN,1394.9936,High
2026-11-05,NGN,1418.4096,High
2026-11-06,NGN,1416.8428,High
2026-11-07,NGN,1423.5431,High
2026-11-08,NGN,1422.3249,High
2026-11-09,NGN,1444.4249,High
2026-11-10,NGN,1424.2351,High
2026-11-11,NGN,1425.3132,High
2026-11-12,NGN,1406.7779,High
2026-11-13,NGN,1378.5684,High
2026-11-14,NGN,1381.849,High
2026-11-15,NGN,1383.3911,High
2026-11-16,NGN,1380.2388,High
2026-11-17,NGN,1379.0662,High
2026-11-18,NGN,1413.2483,High
2026-11-19,NGN,1410.3293,High
2026-11-20,NGN,1416.0849,High
2026-11-21,NGN,1408.7284,High
2026-11-22,NGN,1412.0557,High
2026-11-23,NGN,1409.3645,High
2026-11-24,NGN,1404.7359,High
2026-11-25,NGN,1425.1765,High
2026-11-26,NGN,1438.5981,High
2026-11-27,NGN,1440.1718,High
2026-11-28,NGN,1413.6242,High
2026-11-29,NGN,1409.5415,High
2026-11-30,NGN,1440.0217,High
2026-12-01,NGN,1437.3645,High
2026-12-02,NGN,1450.0503,High
2026-12-03,NGN,1466.7774,High
2026-12-04,NGN,1469.3468,High
2026-12-05,NGN,1459.4513,High
2026-12-06,NGN,1431.0176,High
2026-12-07,NGN,1438.85,High
2026-12-08,NGN,1429.4715,High
2026-12-09,NGN,1431.4859,High
2026-12-10,NGN,1417.1731,High
2026-12-11,NGN,1414.166,High
2026-12-12,NGN,1414.5475,High
2026-12-13,NGN,1417.587,High
2026-12-14,NGN,1404.9441,High
2026-12-15,NGN,1418.3969,High
2026-12-16,NGN,1411.6238,High
2026-12-17,NGN,1392.714,High
2026-12-18,NGN,1391.4993,High
2026-12-19,NGN,1391.882,High
2026-12-20,NGN,1393.6702,High
2026-12-21,NGN,1408.8571,High
2026-12-22,NGN,1406.1921,High
2026-12-23,NGN,1404.8464,High
2026-12-24,NGN,1392.448,High
2026-12-25,NGN,1401.5886,High
2026-12-26,NGN,1403.6552,High
2026-12-27,NGN,1398.9386,High
2026-12-28,NGN,1377.6224,High
2026-12-29,NGN,1393.5413,High
2026-12-30,NGN,1379.8547,High
2026-12-31,NGN,1373.3277,High
2026-01-01,CAD,1.381,Low
2026-01-02,CAD,1.3777,Low
2026-01-03,CAD,1.3736,Low
2026-01-04,CAD,1.3677,Low
2026-01-05,CAD,1.3697,Low
2026-01-06,CAD,1.3682,Low
2026-01-07,CAD,1.3762,Low
2026-01-08,CAD,1.3735,Low
2026-01-09,CAD,1.371,Low
2026-01-10,CAD,1.3694,Low
2026-01-11,CAD,1.3701,Low
2026-01-12,CAD,1.3688,Low
2026-01-13,CAD,1.3705,Low
2026-01-14,CAD,1.3678,Low
2026-01-15,CAD,1.364,Low
2026-01-16,CAD,1.3591,Low
2026-01-17,CAD,1.353,Low
2026-01-18,CAD,1.3516,Low
2026-01-19,CAD,1.3508,Low
2026-01-20,CAD,1.3491,Low
2026-01-21,CAD,1.3525,Low
2026-01-22,CAD,1.3558,Low
2026-01-23,CAD,1.3549,Low
2026-01-24,CAD,1.35,Low
2026-01-25,CAD,1.3485,Low
2026-01-26,CAD,1.3469,Low
2026-01-27,CAD,1.3451,Low
2026-01-28,CAD,1.3432,Low
2026-01-29,CAD,1.3415,Low
2026-01-30,CAD,1.3404,Low
2026-01-31,CAD,1.3387,Low
2026-02-01,CAD,1.3393,Low
2026-02-02,CAD,1.3403,Low
2026-02-03,CAD,1.3378,Low
2026-02-04,CAD,1.3412,Low
2026-02-05,CAD,1.3386,Low
2026-02-06,CAD,1.3343,Low
2026-02-07,CAD,1.3353,Low
2026-02-08,CAD,1.3331,Low
2026-02-09,CAD,1.334,Low
2026-02-10,CAD,1.3275,Low
2026-02-11,CAD,1.3312,Low
2026-02-12,CAD,1.333,Low
2026-02-13,CAD,1.329,Low
2026-02-14,CAD,1.3251,Low
2026-02-15,CAD,1.3295,Low
2026-02-16,CAD,1.3276,Low
2026-02-17,CAD,1.3254,Low
2026-02-18,CAD,1.3193,Low
2026-02-19,CAD,1.3184,Low
2026-02-20,CAD,1.3178,Low
2026-02-21,CAD,1.3197,Low
2026-02-22,CAD,1.316,Low
2026-02-23,CAD,1.312,Low
2026-02-24,CAD,1.3132,Low
2026-02-25,CAD,1.3158,Low
2026-02-26,CAD,1.3117,Low
2026-02-27,CAD,1.3145,Low
2026-02-28,CAD,1.3146,Low
2026-03-01,CAD,1.3175,Low
2026-03-02,CAD,1.3173,Low
2026-03-03,CAD,1.3107,Low
2026-03-04,CAD,1.3103,Low
2026-03-05,CAD,1.3131,Low
2026-03-06,CAD,1.3107,Low
2026-03-07,CAD,1.3097,Low
2026-03-08,CAD,1.3092,Low
2026-03-09,CAD,1.3016,Low
2026-03-10,CAD,1.306,Low
2026-03-11,CAD,1.3036,Low
2026-03-12,CAD,1.305,Low
2026-03-13,CAD,1.3047,Low
2026-03-14,CAD,1.308,Low
2026-03-15,CAD,1.3091,Low
2026-03-16,CAD,1.3085,Low
2026-03-17,CAD,1.3061,Low
2026-03-18,CAD,1.3082,Low
2026-03-19,CAD,1.3033,Low
2026-03-20,CAD,1.305,Low
2026-03-21,CAD,1.3021,Low
2026-03-22,CAD,1.3054,Low
2026-03-23,CAD,1.3058,Low
2026-03-24,CAD,1.3075,Low
2026-03-25,CAD,1.3077,Low
2026-03-26,CAD,1.3031,Low
2026-03-27,CAD,1.3009,Low
2026-03-28,CAD,1.3026,Low
2026-03-29,CAD,1.3031,Low
2026-03-30,CAD,1.3061,Low
2026-03-31,CAD,1.3072,Low
2026-04-01,CAD,1.3047,Low
2026-04-02,CAD,1.3026,Low
2026-04-03,CAD,1.3029,Low
2026-04-04,CAD,1.2968,Low
2026-04-05,CAD,1.3012,Low
2026-04-06,CAD,1.3023,Low
2026-04-07,CAD,1.3055,Low
2026-04-08,CAD,1.3014,Low
2026-04-09,CAD,1.3046,Low
2026-04-10,CAD,1.3104,Low
2026-04-11,CAD,1.307,Low
2026-04-12,CAD,1.309,Low
2026-04-13,CAD,1.309,Low
2026-04-14,CAD,1.305,Low
2026-04-15,CAD,1.3062,Low
2026-04-16,CAD,1.3084,Low
2026-04-17,CAD,1.3068,Low
2026-04-18,CAD,1.3099,Low
2026-04-19,CAD,1.3055,Low
2026-04-20,CAD,1.3016,Low
2026-04-21,CAD,1.302,Low
2026-04-22,CAD,1.302,Low
2026-04-23,CAD,1.3002,Low
2026-04-24,CAD,1.3023,Low
2026-04-25,CAD,1.3037,Low
2026-04-26,CAD,1.3059,Low
2026-04-27,CAD,1.3056,Low
2026-04-28,CAD,1.3072,Low
2026-04-29,CAD,1.306,Low
2026-04-30,CAD,1.3114,Low
2026-05-01,CAD,1.3092,Low
2026-05-02,CAD,1.3147,Low
2026-05-03,CAD,1.3148,Low
2026-05-04,CAD,1.3112,Low
2026-05-05,CAD,1.3148,Low
2026-05-06,CAD,1.3151,Low
2026-05-07,CAD,1.3174,Low
2026-05-08,CAD,1.3206,Low
2026-05-09,CAD,1.3215,Low
2026-05-10,CAD,1.3199,Low
2026-05-11,CAD,1.3225,Low
2026-05-12,CAD,1.3225,Low
2026-05-13,CAD,1.3243,Low
2026-05-14,CAD,1.3186,Low
2026-05-15,CAD,1.3198,Low
2026-05-16,CAD,1.3181,Low
2026-05-17,CAD,1.3225,Low
2026-05-18,CAD,1.3241,Low
2026-05-19,CAD,1.3247,Low
2026-05-20,CAD,1.326,Low
2026-05-21,CAD,1.3234,Low
2026-05-22,CAD,1.3277,Low
2026-05-23,CAD,1.333,Low
2026-05-24,CAD,1.334,Low
2026-05-25,CAD,1.3383,Low
2026-05-26,CAD,1.3367,Low
2026-05-27,CAD,1.3346,Low
2026-05-28,CAD,1.3347,Low
2026-05-29,CAD,1.3359,Low
2026-05-30,CAD,1.3348,Low
2026-05-31,CAD,1.3363,Low
2026-06-01,CAD,1.3371,Low
2026-06-02,CAD,1.3344,Low
2026-06-03,CAD,1.3358,Low
2026-06-04,CAD,1.3381,Low
2026-06-05,CAD,1.3386,Low
2026-06-06,CAD,1.3416,Low
2026-06-07,CAD,1.3384,Low
2026-06-08,CAD,1.3396,Low
2026-06-09,CAD,1.3365,Low
2026-06-10,CAD,1.3335,Low
2026-06-11,CAD,1.3318,Low
2026-06-12,CAD,1.3293,Low
2026-06-13,CAD,1.3279,Low
2026-06-14,CAD,1.3273,Low
2026-06-15,CAD,1.3295,Low
2026-06-16,CAD,1.3287,Low
2026-06-17,CAD,1.3245,Low
2026-06-18,CAD,1.3275,Low
2026-06-19,CAD,1.3253,Low
2026-06-20,CAD,1.3251,Low
2026-06-21,CAD,1.3263,Low
2026-06-22,CAD,1.3268,Low
2026-06-23,CAD,1.3297,Low
2026-06-24,CAD,1.331,Low
2026-06-25,CAD,1.3287,Low
2026-06-26,CAD,1.3345,Low
2026-06-27,CAD,1.335,Low
2026-06-28,CAD,1.3346,Low
2026-06-29,CAD,1.3372,Low
2026-06-30,CAD,1.3378,Low
2026-07-01,CAD,1.3389,Low
2026-07-02,CAD,1.3456,Low
2026-07-03,CAD,1.3449,Low
2026-07-04,CAD,1.344,Low
2026-07-05,CAD,1.3443,Low
2026-07-06,CAD,1.3472,Low
2026-07-07,CAD,1.3431,Low
2026-07-08,CAD,1.3379,Low
2026-07-09,CAD,1.3363,Low
2026-07-10,CAD,1.3319,Low
2026-07-11,CAD,1.3308,Low
2026-07-12,CAD,1.3321,Low
2026-07-13,CAD,1.3297,Low
2026-07-14,CAD,1.326,Low
2026-07-15,CAD,1.3261,Low
2026-07-16,CAD,1.3284,Low
2026-07-17,CAD,1.3239,Low
2026-07-18,CAD,1.3261,Low
2026-07-19,CAD,1.3283,Low
2026-07-20,CAD,1.3308,Low
2026-07-21,CAD,1.334,Low
2026-07-22,CAD,1.3399,Low
2026-07-23,CAD,1.339,Low
2026-07-24,CAD,1.3393,Low
2026-07-25,CAD,1.3381,Low
2026-07-26,CAD,1.3381,Low
2026-07-27,CAD,1.3422,Low
2026-07-28,CAD,1.3386,Low
2026-07-29,CAD,1.3363,Low
2026-07-30,CAD,1.34,Low
2026-07-31,CAD,1.3427,Low
2026-08-01,CAD,1.3418,Low
2026-08-02,CAD,1.3441,Low
2026-08-03,CAD,1.345,Low
2026-08-04,CAD,1.349,Low
2026-08-05,CAD,1.3492,Low
2026-08-06,CAD,1.352,Low
2026-08-07,CAD,1.3591,Low
2026-08-08,CAD,1.3608,Low
2026-08-09,CAD,1.3609,Low
2026-08-10,CAD,1.3629,Low
2026-08-11,CAD,1.3619,Low
2026-08-12,CAD,1.3684,Low
2026-08-13,CAD,1.3689,Low
2026-08-14,CAD,1.3681,Low
2026-08-15,CAD,1.3658,Low
2026-08-16,CAD,1.3688,Low
2026-08-17,CAD,1.3712,Low
2026-08-18,CAD,1.3698,Low
2026-08-19,CAD,1.3714,Low
2026-08-20,CAD,1.3673,Low
2026-08-21,CAD,1.3678,Low
2026-08-22,CAD,1.369,Low
2026-08-23,CAD,1.3737,Low
2026-08-24,CAD,1.3716,Low
2026-08-25,CAD,1.3681,Low
2026-08-26,CAD,1.3656,Low
2026-08-27,CAD,1.362,Low
2026-08-28,CAD,1.3656,Low
2026-08-29,CAD,1.3698,Low
2026-08-30,CAD,1.3707,Low
2026-08-31,CAD,1.3741,Low
2026-09-01,CAD,1.3744,Low
2026-09-02,CAD,1.3742,Low
2026-09-03,CAD,1.3732,Low
2026-09-04,CAD,1.3724,Low
2026-09-05,CAD,1.3681,Low
2026-09-06,CAD,1.3689,Low
2026-09-07,CAD,1.3688,Low
2026-09-08,CAD,1.3708,Low
2026-09-09,CAD,1.3711,Low
2026-09-10,CAD,1.3706,Low
2026-09-11,CAD,1.3682,Low
2026-09-12,CAD,1.3684,Low
2026-09-13,CAD,1.3704,Low
2026-09-14,CAD,1.3673,Low
2026-09-15,CAD,1.3675,Low
2026-09-16,CAD,1.3682,Low
2026-09-17,CAD,1.3662,Low
2026-09-18,CAD,1.3646,Low
2026-09-19,CAD,1.3652,Low
2026-09-20,CAD,1.3621,Low
2026-09-21,CAD,1.3631,Low
2026-09-22,CAD,1.3607,Low
2026-09-23,CAD,1.3636,Low
2026-09-24,CAD,1.3699,Low
2026-09-25,CAD,1.3676,Low
2026-09-26,CAD,1.369,Low
2026-09-27,CAD,1.367,Low
2026-09-28,CAD,1.3699,Low
2026-09-29,CAD,1.3664,Low
2026-09-30,CAD,1.3677,Low
2026-10-01,CAD,1.3653,Low
2026-10-02,CAD,1.3648,Low
2026-10-03,CAD,1.362,Low
2026-10-04,CAD,1.3642,Low
2026-10-05,CAD,1.3619,Low
2026-10-06,CAD,1.3634,Low
2026-10-07,CAD,1.3625,Low
2026-10-08,CAD,1.3622,Low
2026-10-09,CAD,1.3626,Low
2026-10-10,CAD,1.3605,Low
2026-10-11,CAD,1.3611,Low
2026-10-12,CAD,1.3652,Low
2026-10-13,CAD,1.3631,Low
2026-10-14,CAD,1.3663,Low
2026-10-15,CAD,1.3704,Low
2026-10-16,CAD,1.3682,Low
2026-10-17,CAD,1.3642,Low
2026-10-18,CAD,1.365,Low
2026-10-19,CAD,1.3635,Low
2026-10-20,CAD,1.3686,Low
2026-10-21,CAD,1.3687,Low
2026-10-22,CAD,1.3665,Low
2026-10-23,CAD,1.3634,Low
2026-10-24,CAD,1.3663,Low
2026-10-25,CAD,1.3648,Low
2026-10-26,CAD,1.3649,Low
2026-10-27,CAD,1.3675,Low
2026-10-28,CAD,1.3662,Low
2026-10-29,CAD,1.3661,Low
2026-10-30,CAD,1.366,Low
2026-10-31,CAD,1.3679,Low
2026-11-01,CAD,1.3695,Low
2026-11-02,CAD,1.3689,Low
2026-11-03,CAD,1.3691,Low
2026-11-04,CAD,1.3681,Low
2026-11-05,CAD,1.364,Low
2026-11-06,CAD,1.3647,Low
2026-11-07,CAD,1.3699,Low
2026-11-08,CAD,1.3675,Low
2026-11-09,CAD,1.3653,Low
2026-11-10,CAD,1.363,Low
2026-11-11,CAD,1.3649,Low
2026-11-12,CAD,1.3662,Low
2026-11-13,CAD,1.3657,Low
2026-11-14,CAD,1.3632,Low
2026-11-15,CAD,1.3635,Low
2026-11-16,CAD,1.3592,Low
2026-11-17,CAD,1.3596,Low
2026-11-18,CAD,1.362,Low
2026-11-19,CAD,1.3586,Low
2026-11-20,CAD,1.3544,Low
2026-11-21,CAD,1.3587,Low
2026-11-22,CAD,1.357,Low
2026-11-23,CAD,1.3601,Low
2026-11-24,CAD,1.3597,Low
2026-11-25,CAD,1.3592,Low
2026-11-26,CAD,1.3604,Low
2026-11-27,CAD,1.358,Low
2026-11-28,CAD,1.3584,Low
2026-11-29,CAD,1.3573,Low
2026-11-30,CAD,1.3538,Low
2026-12-01,CAD,1.3547,Low
2026-12-02,CAD,1.354,Low
2026-12-03,CAD,1.3535,Low
2026-12-04,CAD,1.3503,Low
2026-12-05,CAD,1.3546,Low
2026-12-06,CAD,1.3569,Low
2026-12-07,CAD,1.3596,Low
2026-12-08,CAD,1.3587,Low
2026-12-09,CAD,1.354,Low
2026-12-10,CAD,1.3593,Low
2026-12-11,CAD,1.3591,Low
2026-12-12,CAD,1.3571,Low
2026-12-13,CAD,1.3582,Low
2026-12-14,CAD,1.3614,Low
2026-12-15,CAD,1.3613,Low
2026-12-16,CAD,1.3648,Low
2026-12-17,CAD,1.3678,Low
2026-12-18,CAD,1.3648,Low
2026-12-19,CAD,1.363,Low
2026-12-20,CAD,1.3656,Low
2026-12-21,CAD,1.3582,Low
2026-12-22,CAD,1.3578,Low
2026-12-23,CAD,1.3539,Low
2026-12-24,CAD,1.3526,Low
2026-12-25,CAD,1.3518,Low
2026-12-26,CAD,1.3508,Low
2026-12-27,CAD,1.3494,Low
2026-12-28,CAD,1.3464,Low
2026-12-29,CAD,1.3526,Low
2026-12-30,CAD,1.3576,Low
2026-12-31,CAD,1.3545,Low
2026-01-01,IDR,16403.154,Medium
2026-01-02,IDR,16376.944,Medium
2026-01-03,IDR,16385.4068,Medium
2026-01-04,IDR,16381.2597,Medium
2026-01-05,IDR,16338.0297,Medium
2026-01-06,IDR,16402.3265,Medium
2026-01-07,IDR,16410.5858,Medium
2026-01-08,IDR,16379.3039,Medium
2026-01-09,IDR,16293.8308,Medium
2026-01-10,IDR,16235.5905,Medium
2026-01-11,IDR,16128.9954,Medium
2026-01-12,IDR,16129.784,Medium
2026-01-13,IDR,16052.5762,Medium
2026-01-14,IDR,16035.5244,Medium
2026-01-15,IDR,16123.4057,Medium
2026-01-16,IDR,16200.7528,Medium
2026-01-17,IDR,16198.6612,Medium
2026-01-18,IDR,16193.0186,Medium
2026-01-19,IDR,16314.7819,Medium
2026-01-20,IDR,16348.766,Medium
2026-01-21,IDR,16327.3291,Medium
2026-01-22,IDR,16234.1968,Medium
2026-01-23,IDR,16259.7737,Medium
2026-01-24,IDR,16313.7122,Medium
2026-01-25,IDR,16272.4938,Medium
2026-01-26,IDR,16291.4482,Medium
2026-01-27,IDR,16267.7557,Medium
2026-01-28,IDR,16255.7805,Medium
2026-01-29,IDR,16094.0145,Medium
2026-01-30,IDR,16079.7371,Medium
2026-01-31,IDR,16142.0859,Medium
2026-02-01,IDR,16101.3173,Medium
2026-02-02,IDR,16104.7003,Medium
2026-02-03,IDR,16056.0029,Medium
2026-02-04,IDR,16079.1519,Medium
2026-02-05,IDR,16065.2258,Medium
2026-02-06,IDR,16004.8693,Medium
2026-02-07,IDR,16090.1786,Medium
2026-02-08,IDR,16149.9653,Medium
2026-02-09,IDR,16110.8884,Medium
2026-02-10,IDR,16142.9677,Medium
2026-02-11,IDR,16177.6694,Medium
2026-02-12,IDR,16219.2331,Medium
2026-02-13,IDR,16109.315,Medium
2026-02-14,IDR,16174.1779,Medium
2026-02-15,IDR,16137.3203,Medium
2026-02-16,IDR,16114.2228,Medium
2026-02-17,IDR,16284.2524,Medium
2026-02-18,IDR,16303.9155,Medium
2026-02-19,IDR,16278.7213,Medium
2026-02-20,IDR,16135.1238,Medium
2026-02-21,IDR,16224.8198,Medium
2026-02-22,IDR,16137.5167,Medium
2026-02-23,IDR,16072.7447,Medium
2026-02-24,IDR,16051.4417,Medium
2026-02-25,IDR,16142.3835,Medium
2026-02-26,IDR,16192.3112,Medium
2026-02-27,IDR,16182.0882,Medium
2026-02-28,IDR,16202.0435,Medium
2026-03-01,IDR,16163.1336,Medium
2026-03-02,IDR,16172.1625,Medium
2026-03-03,IDR,16176.9066,Medium
2026-03-04,IDR,16239.5934,Medium
2026-03-05,IDR,16302.4197,Medium
2026-03-06,IDR,16334.6318,Medium
2026-03-07,IDR,16310.9566,Medium
2026-03-08,IDR,16359.3559,Medium
2026-03-09,IDR,16353.3377,Medium
2026-03-10,IDR,16282.5661,Medium
2026-03-11,IDR,16256.2998,Medium
2026-03-12,IDR,16261.7962,Medium
2026-03-13,IDR,16321.0032,Medium
2026-03-14,IDR,16309.0217,Medium
2026-03-15,IDR,16230.1383,Medium
2026-03-16,IDR,16233.822,Medium
2026-03-17,IDR,16241.1893,Medium
2026-03-18,IDR,16253.2622,Medium
2026-03-19,IDR,16313.0659,Medium
2026-03-20,IDR,16379.5529,Medium
2026-03-21,IDR,16340.6213,Medium
2026-03-22,IDR,16300.3486,Medium
2026-03-23,IDR,16232.5262,Medium
2026-03-24,IDR,16277.9004,Medium
2026-03-25,IDR,16372.2354,Medium
2026-03-26,IDR,16351.601,Medium
2026-03-27,IDR,16335.8099,Medium
2026-03-28,IDR,16431.6542,Medium
2026-03-29,IDR,16464.8828,Medium
2026-03-30,IDR,16493.6131,Medium
2026-03-31,IDR,16415.0431,Medium
2026-04-01,IDR,16459.6085,Medium
2026-04-02,IDR,16398.4356,Medium
2026-04-03,IDR,16324.0509,Medium
2026-04-04,IDR,16301.4081,Medium
2026-04-05,IDR,16263.2111,Medium
2026-04-06,IDR,16248.7954,Medium
2026-04-07,IDR,16155.1385,Medium
2026-04-08,IDR,16217.0978,Medium
2026-04-09,IDR,16290.249,Medium
2026-04-10,IDR,16163.3582,Medium
2026-04-11,IDR,16226.6189,Medium
2026-04-12,IDR,16174.0103,Medium
2026-04-13,IDR,16229.4532,Medium
2026-04-14,IDR,16225.0098,Medium
2026-04-15,IDR,16226.8774,Medium
2026-04-16,IDR,16214.8631,Medium
2026-04-17,IDR,16293.4812,Medium
2026-04-18,IDR,16212.6924,Medium
2026-04-19,IDR,16252.1113,Medium
2026-04-20,IDR,16323.707,Medium
2026-04-21,IDR,16370.4803,Medium
2026-04-22,IDR,16522.7061,Medium
2026-04-23,IDR,16487.7476,Medium
2026-04-24,IDR,16550.8828,Medium
2026-04-25,IDR,16543.8592,Medium
2026-04-26,IDR,16625.4804,Medium
2026-04-27,IDR,16624.969,Medium
2026-04-28,IDR,16599.1753,Medium
2026-04-29,IDR,16685.8942,Medium
2026-04-30,IDR,16653.0856,Medium
2026-05-01,IDR,16558.9807,Medium
2026-05-02,IDR,16524.7468,Medium
2026-05-03,IDR,16565.6643,Medium
2026-05-04,IDR,16657.9045,Medium
2026-05-05,IDR,16665.3092,Medium
2026-05-06,IDR,16753.1818,Medium
2026-05-07,IDR,16662.1668,Medium
2026-05-08,IDR,16632.6239,Medium
2026-05-09,IDR,16613.4249,Medium
2026-05-10,IDR,16605.812,Medium
2026-05-11,IDR,16611.3978,Medium
2026-05-12,IDR,16657.3058,Medium
2026-05-13,IDR,16627.6686,Medium
2026-05-14,IDR,16636.9155,Medium
2026-05-15,IDR,16633.9127,Medium
2026-05-16,IDR,16572.308,Medium
2026-05-17,IDR,16564.7732,Medium
2026-05-18,IDR,16555.2544,Medium
2026-05-19,IDR,16544.3226,Medium
2026-05-20,IDR,16546.4244,Medium
2026-05-21,IDR,16551.4329,Medium
2026-05-22,IDR,16522.8124,Medium
2026-05-23,IDR,16606.9277,Medium
2026-05-24,IDR,16529.2418,Medium
2026-05-25,IDR,16481.5735,Medium
2026-05-26,IDR,16664.8462,Medium
2026-05-27,IDR,16595.6543,Medium
2026-05-28,IDR,16505.7885,Medium
2026-05-29,IDR,16554.281,Medium
2026-05-30,IDR,16416.7401,Medium
2026-05-31,IDR,16401.2904,Medium
2026-06-01,IDR,16542.0676,Medium
2026-06-02,IDR,16439.8418,Medium
2026-06-03,IDR,16309.5091,Medium
2026-06-04,IDR,16211.7055,Medium
2026-06-05,IDR,16269.9612,Medium
2026-06-06,IDR,16343.1615,Medium
2026-06-07,IDR,16309.6522,Medium
2026-06-08,IDR,16354.2241,Medium
2026-06-09,IDR,16445.1702,Medium
2026-06-10,IDR,16562.7431,Medium
2026-06-11,IDR,16546.4232,Medium
2026-06-12,IDR,16394.0987,Medium
2026-06-13,IDR,16340.2684,Medium
2026-06-14,IDR,16312.372,Medium
2026-06-15,IDR,16295.4764,Medium
2026-06-16,IDR,16283.2313,Medium
2026-06-17,IDR,16356.1082,Medium
2026-06-18,IDR,16439.487,Medium
2026-06-19,IDR,16428.1981,Medium
2026-06-20,IDR,16500.3826,Medium
2026-06-21,IDR,16523.9888,Medium
2026-06-22,IDR,16528.2524,Medium
2026-06-23,IDR,16588.1867,Medium
2026-06-24,IDR,16592.9808,Medium
2026-06-25,IDR,16729.5617,Medium
2026-06-26,IDR,16633.3058,Medium
2026-06-27,IDR,16599.0298,Medium
2026-06-28,IDR,16590.6294,Medium
2026-06-29,IDR,16619.7926,Medium
2026-06-30,IDR,16704.0856,Medium
2026-07-01,IDR,16702.4554,Medium
2026-07-02,IDR,16607.4364,Medium
2026-07-03,IDR,16663.4044,Medium
2026-07-04,IDR,16713.7252,Medium
2026-07-05,IDR,16583.9024,Medium
2026-07-06,IDR,16583.65,Medium
2026-07-07,IDR,16478.1686,Medium
2026-07-08,IDR,16434.3597,Medium
2026-07-09,IDR,16375.0113,Medium
2026-07-10,IDR,16428.0182,Medium
2026-07-11,IDR,16435.6954,Medium
2026-07-12,IDR,16351.177,Medium
2026-07-13,IDR,16408.7375,Medium
2026-07-14,IDR,16314.6297,Medium
2026-07-15,IDR,16336.1725,Medium
2026-07-16,IDR,16282.9812,Medium
2026-07-17,IDR,16259.1639,Medium
2026-07-18,IDR,16291.96,Medium
2026-07-19,IDR,16325.9418,Medium
2026-07-20,IDR,16413.2509,Medium
2026-07-21,IDR,16407.8507,Medium
2026-07-22,IDR,16427.9635,Medium
2026-07-23,IDR,16399.1989,Medium
2026-07-24,IDR,16411.1369,Medium
2026-07-25,IDR,16439.9867,Medium
2026-07-26,IDR,16433.5219,Medium
2026-07-27,IDR,16314.954,Medium
2026-07-28,IDR,16336.5857,Medium
2026-07-29,IDR,16360.4085,Medium
2026-07-30,IDR,16315.8968,Medium
2026-07-31,IDR,16232.0731,Medium
2026-08-01,IDR,16327.8994,Medium
2026-08-02,IDR,16359.9965,Medium
2026-08-03,IDR,16345.0055,Medium
2026-08-04,IDR,16270.6662,Medium
2026-08-05,IDR,16217.1803,Medium
2026-08-06,IDR,16301.6777,Medium
2026-08-07,IDR,16310.6542,Medium
2026-08-08,IDR,16274.7325,Medium
2026-08-09,IDR,16307.9127,Medium
2026-08-10,IDR,16254.7881,Medium
2026-08-11,IDR,16352.3717,Medium
2026-08-12,IDR,16440.8577,Medium
2026-08-13,IDR,16410.1742,Medium
2026-08-14,IDR,16368.9078,Medium
2026-08-15,IDR,16197.4839,Medium
2026-08-16,IDR,16101.4924,Medium
2026-08-17,IDR,16015.2225,Medium
2026-08-18,IDR,16023.8829,Medium
2026-08-19,IDR,16002.9728,Medium
2026-08-20,IDR,15916.8553,Medium
2026-08-21,IDR,15898.9543,Medium
2026-08-22,IDR,15931.0917,Medium
2026-08-23,IDR,15964.7279,Medium
2026-08-24,IDR,15843.417,Medium
2026-08-25,IDR,15835.2885,Medium
2026-08-26,IDR,15747.6661,Medium
2026-08-27,IDR,15804.4666,Medium
2026-08-28,IDR,15854.0386,Medium
2026-08-29,IDR,15797.0892,Medium
2026-08-30,IDR,15748.6841,Medium
2026-08-31,IDR,15719.6267,Medium
2026-09-01,IDR,15577.9744,Medium
2026-09-02,IDR,15598.9092,Medium
2026-09-03,IDR,15581.8849,Medium
2026-09-04,IDR,15642.3535,Medium
2026-09-05,IDR,15573.6267,Medium
2026-09-06,IDR,15535.0587,Medium
2026-09-07,IDR,15441.4429,Medium
2026-09-08,IDR,15379.4121,Medium
2026-09-09,IDR,15306.6994,Medium
2026-09-10,IDR,15367.6797,Medium
2026-09-11,IDR,15324.757,Medium
2026-09-12,IDR,15332.3688,Medium
2026-09-13,IDR,15309.0168,Medium
2026-09-14,IDR,15231.2798,Medium
2026-09-15,IDR,15221.026,Medium
2026-09-16,IDR,15257.5019,Medium
2026-09-17,IDR,15183.7923,Medium
2026-09-18,IDR,15232.934,Medium
2026-09-19,IDR,15181.159,Medium
2026-09-20,IDR,15151.83,Medium
2026-09-21,IDR,15183.9932,Medium
2026-09-22,IDR,15143.6988,Medium
2026-09-23,IDR,15145.9749,Medium
2026-09-24,IDR,15126.9097,Medium
2026-09-25,IDR,15134.7374,Medium
2026-09-26,IDR,14990.61,Medium
2026-09-27,IDR,14880.8978,Medium
2026-09-28,IDR,14917.5624,Medium
2026-09-29,IDR,14979.4513,Medium
2026-09-30,IDR,14924.8969,Medium
2026-10-01,IDR,14910.3285,Medium
2026-10-02,IDR,14927.9059,Medium
2026-10-03,IDR,14969.2991,Medium
2026-10-04,IDR,14847.8875,Medium
2026-10-05,IDR,14795.2642,Medium
2026-10-06,IDR,14775.5818,Medium
2026-10-07,IDR,14817.139,Medium
2026-10-08,IDR,14965.2173,Medium
2026-10-09,IDR,14951.5687,Medium
2026-10-10,IDR,14867.4226,Medium
2026-10-11,IDR,14891.3454,Medium
2026-10-12,IDR,14970.031,Medium
2026-10-13,IDR,14976.4989,Medium
2026-10-14,IDR,14922.1852,Medium
2026-10-15,IDR,14979.3667,Medium
2026-10-16,IDR,15019.1247,Medium
2026-10-17,IDR,14957.4813,Medium
2026-10-18,IDR,14980.302,Medium
2026-10-19,IDR,15040.0593,Medium
2026-10-20,IDR,15111.1621,Medium
2026-10-21,IDR,15107.1456,Medium
2026-10-22,IDR,15085.5074,Medium
2026-10-23,IDR,15159.5636,Medium
2026-10-24,IDR,15086.1816,Medium
2026-10-25,IDR,15112.6475,Medium
2026-10-26,IDR,15029.8286,Medium
2026-10-27,IDR,15093.8783,Medium
2026-10-28,IDR,15078.2987,Medium
2026-10-29,IDR,15154.811,Medium
2026-10-30,IDR,15184.6,Medium
2026-10-31,IDR,15110.3036,Medium
2026-11-01,IDR,15196.4098,Medium
2026-11-02,IDR,15290.7033,Medium
2026-11-03,IDR,15344.6664,Medium
2026-11-04,IDR,15297.9211,Medium
2026-11-05,IDR,15279.1956,Medium
2026-11-06,IDR,15288.0837,Medium
2026-11-07,IDR,15245.0501,Medium
2026-11-08,IDR,15348.2498,Medium
2026-11-09,IDR,15357.1104,Medium
2026-11-10,IDR,15191.048,Medium
2026-11-11,IDR,15211.6686,Medium
2026-11-12,IDR,15190.4844,Medium
2026-11-13,IDR,15185.9317,Medium
2026-11-14,IDR,15163.5404,Medium
2026-11-15,IDR,15212.4911,Medium
2026-11-16,IDR,15280.6241,Medium
2026-11-17,IDR,15297.925,Medium
2026-11-18,IDR,15277.162,Medium
2026-11-19,IDR,15274.6359,Medium
2026-11-20,IDR,15275.8334,Medium
2026-11-21,IDR,15226.8023,Medium
2026-11-22,IDR,15262.0632,Medium
2026-11-23,IDR,15290.148,Medium
2026-11-24,IDR,15384.3623,Medium
2026-11-25,IDR,15461.6133,Medium
2026-11-26,IDR,15419.2068,Medium
2026-11-27,IDR,15469.8002,Medium
2026-11-28,IDR,15410.9559,Medium
2026-11-29,IDR,15453.8558,Medium
2026-11-30,IDR,15421.9211,Medium
2026-12-01,IDR,15358.799,Medium
2026-12-02,IDR,15376.0036,Medium
2026-12-03,IDR,15211.507,Medium
2026-12-04,IDR,15104.9671,Medium
2026-12-05,IDR,15094.2431,Medium
2026-12-06,IDR,15099.2207,Medium
2026-12-07,IDR,15076.915,Medium
2026-12-08,IDR,14981.6629,Medium
2026-12-09,IDR,14932.6493,Medium
2026-12-10,IDR,14956.0165,Medium
2026-12-11,IDR,14990.821,Medium
2026-12-12,IDR,14989.8483,Medium
2026-12-13,IDR,15059.2113,Medium
2026-12-14,IDR,15083.1493,Medium
2026-12-15,IDR,15038.0533,Medium
2026-12-16,IDR,15021.1805,Medium
2026-12-17,IDR,14936.8897,Medium
2026-12-18,IDR,14930.4286,Medium
2026-12-19,IDR,14996.8452,Medium
2026-12-20,IDR,15037.9539,Medium
2026-12-21,IDR,15122.2873,Medium
2026-12-22,IDR,15103.9661,Medium
2026-12-23,IDR,15185.2919,Medium
2026-12-24,IDR,15173.5503,Medium
2026-12-25,IDR,15262.867,Medium
2026-12-26,IDR,15261.5326,Medium
2026-12-27,IDR,15304.7064,Medium
2026-12-28,IDR,15395.011,Medium
2026-12-29,IDR,15383.0997,Medium
2026-12-30,IDR,15396.5377,Medium
2026-12-31,IDR,15475.9139,Medium
